<?xml version="1.0" encoding="UTF-8" ?>
<!-- This is a WordPress eXtended RSS file generated by WordPress as an export of your site. -->
<!-- It contains information about your site's posts, pages, comments, categories, and other content. -->
<!-- You may use this file to transfer that content from one site to another. -->
<!-- This file is not intended to serve as a complete backup of your site. -->

<!-- To import this information into a WordPress site follow these steps: -->
<!-- 1. Log in to that site as an administrator. -->
<!-- 2. Go to Tools: Import in the WordPress admin panel. -->
<!-- 3. Install the "WordPress" importer from the list. -->
<!-- 4. Activate & Run Importer. -->
<!-- 5. Upload this file using the form provided on that page. -->
<!-- 6. You will first be asked to map the authors in this export file to users -->
<!--    on the site. For each author, you may choose to map to an -->
<!--    existing user on the site or to create a new user. -->
<!-- 7. WordPress will then import each of the posts, pages, comments, categories, etc. -->
<!--    contained in this file into your site. -->

<!-- generator="WordPress/4.3.1" created="2015-11-04 22:14" -->
<rss version="2.0"
	xmlns:excerpt="http://wordpress.org/export/1.2/excerpt/"
	xmlns:content="http://purl.org/rss/1.0/modules/content/"
	xmlns:wfw="http://wellformedweb.org/CommentAPI/"
	xmlns:dc="http://purl.org/dc/elements/1.1/"
	xmlns:wp="http://wordpress.org/export/1.2/"
>

<channel>
	<title>Enfold Landing Page Demo</title>
	<link>http://www.kriesi.at/themes/enfold-landing-page</link>
	<description>Just another Kriesi.at Theme Demos Sites site</description>
	<pubDate>Wed, 04 Nov 2015 22:14:38 +0000</pubDate>
	<language>en-US</language>
	<wp:wxr_version>1.2</wp:wxr_version>
	<wp:base_site_url>http://www.kriesi.at/themes/</wp:base_site_url>
	<wp:base_blog_url>http://www.kriesi.at/themes/enfold-landing-page</wp:base_blog_url>

	<wp:author><wp:author_id>1</wp:author_id><wp:author_login>Kriesi</wp:author_login><wp:author_email>office@kriesi.at</wp:author_email><wp:author_display_name><![CDATA[Kriesi]]></wp:author_display_name><wp:author_first_name><![CDATA[Christian]]></wp:author_first_name><wp:author_last_name><![CDATA[Budschedl]]></wp:author_last_name></wp:author>

	<wp:category><wp:term_id>1</wp:term_id><wp:category_nicename>uncategorized</wp:category_nicename><wp:category_parent></wp:category_parent><wp:cat_name><![CDATA[Uncategorized]]></wp:cat_name></wp:category>
	<wp:term><wp:term_id>14</wp:term_id><wp:term_taxonomy>nav_menu</wp:term_taxonomy><wp:term_slug>main-menu</wp:term_slug><wp:term_name><![CDATA[Main Menu]]></wp:term_name></wp:term>

	<generator>http://wordpress.org/?v=4.3.1</generator>

	<item>
		<title>General</title>
		<link>http://www.kriesi.at/themes/enfold-landing-page/forums/forum/general/</link>
		<pubDate>Wed, 04 Nov 2015 20:01:40 +0000</pubDate>
		<dc:creator><![CDATA[Kriesi]]></dc:creator>
		<guid isPermaLink="false">http://www.kriesi.at/themes/enfold-landing-page/forums/forum/general/</guid>
		<description></description>
		<content:encoded><![CDATA[General chit-chat]]></content:encoded>
		<excerpt:encoded><![CDATA[]]></excerpt:encoded>
		<wp:post_id>3</wp:post_id>
		<wp:post_date>2015-11-04 20:01:40</wp:post_date>
		<wp:post_date_gmt>2015-11-04 20:01:40</wp:post_date_gmt>
		<wp:comment_status>closed</wp:comment_status>
		<wp:ping_status>closed</wp:ping_status>
		<wp:post_name>general</wp:post_name>
		<wp:status>publish</wp:status>
		<wp:post_parent>0</wp:post_parent>
		<wp:menu_order>0</wp:menu_order>
		<wp:post_type>forum</wp:post_type>
		<wp:post_password></wp:post_password>
		<wp:is_sticky>0</wp:is_sticky>
		<wp:postmeta>
			<wp:meta_key>_bbp_reply_count</wp:meta_key>
			<wp:meta_value><![CDATA[1]]></wp:meta_value>
		</wp:postmeta>
		<wp:postmeta>
			<wp:meta_key>_bbp_topic_count</wp:meta_key>
			<wp:meta_value><![CDATA[1]]></wp:meta_value>
		</wp:postmeta>
		<wp:postmeta>
			<wp:meta_key>_bbp_topic_count_hidden</wp:meta_key>
			<wp:meta_value><![CDATA[0]]></wp:meta_value>
		</wp:postmeta>
		<wp:postmeta>
			<wp:meta_key>_bbp_total_reply_count</wp:meta_key>
			<wp:meta_value><![CDATA[1]]></wp:meta_value>
		</wp:postmeta>
		<wp:postmeta>
			<wp:meta_key>_bbp_total_topic_count</wp:meta_key>
			<wp:meta_value><![CDATA[1]]></wp:meta_value>
		</wp:postmeta>
		<wp:postmeta>
			<wp:meta_key>_bbp_last_topic_id</wp:meta_key>
			<wp:meta_value><![CDATA[4]]></wp:meta_value>
		</wp:postmeta>
		<wp:postmeta>
			<wp:meta_key>_bbp_last_reply_id</wp:meta_key>
			<wp:meta_value><![CDATA[4]]></wp:meta_value>
		</wp:postmeta>
		<wp:postmeta>
			<wp:meta_key>_bbp_last_active_id</wp:meta_key>
			<wp:meta_value><![CDATA[4]]></wp:meta_value>
		</wp:postmeta>
		<wp:postmeta>
			<wp:meta_key>_bbp_last_active_time</wp:meta_key>
			<wp:meta_value><![CDATA[2015-11-04 20:01:40]]></wp:meta_value>
		</wp:postmeta>
		<wp:postmeta>
			<wp:meta_key>_bbp_forum_subforum_count</wp:meta_key>
			<wp:meta_value><![CDATA[0]]></wp:meta_value>
		</wp:postmeta>
	</item>
	<item>
		<title>avia_logo</title>
		<link>http://www.kriesi.at/themes/enfold-landing-page/?post_type=avia_framework_post&#038;p=7</link>
		<pubDate>Wed, 30 Nov -0001 00:00:00 +0000</pubDate>
		<dc:creator><![CDATA[Kriesi]]></dc:creator>
		<guid isPermaLink="false">http://www.kriesi.at/themes/enfold-landing-page/?post_type=avia_framework_post&#038;p=7</guid>
		<description></description>
		<content:encoded><![CDATA[]]></content:encoded>
		<excerpt:encoded><![CDATA[]]></excerpt:encoded>
		<wp:post_id>7</wp:post_id>
		<wp:post_date>2015-11-04 20:04:28</wp:post_date>
		<wp:post_date_gmt>0000-00-00 00:00:00</wp:post_date_gmt>
		<wp:comment_status>closed</wp:comment_status>
		<wp:ping_status>closed</wp:ping_status>
		<wp:post_name></wp:post_name>
		<wp:status>draft</wp:status>
		<wp:post_parent>0</wp:post_parent>
		<wp:menu_order>0</wp:menu_order>
		<wp:post_type>avia_framework_post</wp:post_type>
		<wp:post_password></wp:post_password>
		<wp:is_sticky>0</wp:is_sticky>
	</item>
	<item>
		<title>avia_favicon</title>
		<link>http://www.kriesi.at/themes/enfold-landing-page/?post_type=avia_framework_post&#038;p=8</link>
		<pubDate>Wed, 30 Nov -0001 00:00:00 +0000</pubDate>
		<dc:creator><![CDATA[Kriesi]]></dc:creator>
		<guid isPermaLink="false">http://www.kriesi.at/themes/enfold-landing-page/?post_type=avia_framework_post&#038;p=8</guid>
		<description></description>
		<content:encoded><![CDATA[]]></content:encoded>
		<excerpt:encoded><![CDATA[]]></excerpt:encoded>
		<wp:post_id>8</wp:post_id>
		<wp:post_date>2015-11-04 20:04:28</wp:post_date>
		<wp:post_date_gmt>0000-00-00 00:00:00</wp:post_date_gmt>
		<wp:comment_status>closed</wp:comment_status>
		<wp:ping_status>closed</wp:ping_status>
		<wp:post_name></wp:post_name>
		<wp:status>draft</wp:status>
		<wp:post_parent>0</wp:post_parent>
		<wp:menu_order>0</wp:menu_order>
		<wp:post_type>avia_framework_post</wp:post_type>
		<wp:post_password></wp:post_password>
		<wp:is_sticky>0</wp:is_sticky>
	</item>
	<item>
		<title>avia_custom_logo_for_preloader</title>
		<link>http://www.kriesi.at/themes/enfold-landing-page/?post_type=avia_framework_post&#038;p=9</link>
		<pubDate>Wed, 30 Nov -0001 00:00:00 +0000</pubDate>
		<dc:creator><![CDATA[Kriesi]]></dc:creator>
		<guid isPermaLink="false">http://www.kriesi.at/themes/enfold-landing-page/?post_type=avia_framework_post&#038;p=9</guid>
		<description></description>
		<content:encoded><![CDATA[]]></content:encoded>
		<excerpt:encoded><![CDATA[]]></excerpt:encoded>
		<wp:post_id>9</wp:post_id>
		<wp:post_date>2015-11-04 20:04:28</wp:post_date>
		<wp:post_date_gmt>0000-00-00 00:00:00</wp:post_date_gmt>
		<wp:comment_status>closed</wp:comment_status>
		<wp:ping_status>closed</wp:ping_status>
		<wp:post_name></wp:post_name>
		<wp:status>draft</wp:status>
		<wp:post_parent>0</wp:post_parent>
		<wp:menu_order>0</wp:menu_order>
		<wp:post_type>avia_framework_post</wp:post_type>
		<wp:post_password></wp:post_password>
		<wp:is_sticky>0</wp:is_sticky>
	</item>
	<item>
		<title>avia_custom_background_image</title>
		<link>http://www.kriesi.at/themes/enfold-landing-page/?post_type=avia_framework_post&#038;p=10</link>
		<pubDate>Wed, 30 Nov -0001 00:00:00 +0000</pubDate>
		<dc:creator><![CDATA[Kriesi]]></dc:creator>
		<guid isPermaLink="false">http://www.kriesi.at/themes/enfold-landing-page/?post_type=avia_framework_post&#038;p=10</guid>
		<description></description>
		<content:encoded><![CDATA[]]></content:encoded>
		<excerpt:encoded><![CDATA[]]></excerpt:encoded>
		<wp:post_id>10</wp:post_id>
		<wp:post_date>2015-11-04 20:04:28</wp:post_date>
		<wp:post_date_gmt>0000-00-00 00:00:00</wp:post_date_gmt>
		<wp:comment_status>closed</wp:comment_status>
		<wp:ping_status>closed</wp:ping_status>
		<wp:post_name></wp:post_name>
		<wp:status>draft</wp:status>
		<wp:post_parent>0</wp:post_parent>
		<wp:menu_order>0</wp:menu_order>
		<wp:post_type>avia_framework_post</wp:post_type>
		<wp:post_password></wp:post_password>
		<wp:is_sticky>0</wp:is_sticky>
	</item>
	<item>
		<title>avia_transparency_logo</title>
		<link>http://www.kriesi.at/themes/enfold-landing-page/?post_type=avia_framework_post&#038;p=11</link>
		<pubDate>Wed, 30 Nov -0001 00:00:00 +0000</pubDate>
		<dc:creator><![CDATA[Kriesi]]></dc:creator>
		<guid isPermaLink="false">http://www.kriesi.at/themes/enfold-landing-page/?post_type=avia_framework_post&#038;p=11</guid>
		<description></description>
		<content:encoded><![CDATA[]]></content:encoded>
		<excerpt:encoded><![CDATA[]]></excerpt:encoded>
		<wp:post_id>11</wp:post_id>
		<wp:post_date>2015-11-04 20:04:28</wp:post_date>
		<wp:post_date_gmt>0000-00-00 00:00:00</wp:post_date_gmt>
		<wp:comment_status>closed</wp:comment_status>
		<wp:ping_status>closed</wp:ping_status>
		<wp:post_name></wp:post_name>
		<wp:status>draft</wp:status>
		<wp:post_parent>0</wp:post_parent>
		<wp:menu_order>0</wp:menu_order>
		<wp:post_type>avia_framework_post</wp:post_type>
		<wp:post_password></wp:post_password>
		<wp:is_sticky>0</wp:is_sticky>
	</item>
	<item>
		<title>avia_logo</title>
		<link>http://www.kriesi.at/themes/enfold-landing-page/?post_type=avia_framework_post&#038;p=13</link>
		<pubDate>Wed, 30 Nov -0001 00:00:00 +0000</pubDate>
		<dc:creator><![CDATA[Kriesi]]></dc:creator>
		<guid isPermaLink="false">http://test.kriesi.at/product-signup/?post_type=avia_framework_post&#038;p=4</guid>
		<description></description>
		<content:encoded><![CDATA[]]></content:encoded>
		<excerpt:encoded><![CDATA[]]></excerpt:encoded>
		<wp:post_id>13</wp:post_id>
		<wp:post_date>2015-10-26 13:11:10</wp:post_date>
		<wp:post_date_gmt>0000-00-00 00:00:00</wp:post_date_gmt>
		<wp:comment_status>closed</wp:comment_status>
		<wp:ping_status>closed</wp:ping_status>
		<wp:post_name></wp:post_name>
		<wp:status>draft</wp:status>
		<wp:post_parent>0</wp:post_parent>
		<wp:menu_order>0</wp:menu_order>
		<wp:post_type>avia_framework_post</wp:post_type>
		<wp:post_password></wp:post_password>
		<wp:is_sticky>0</wp:is_sticky>
	</item>
	<item>
		<title>avia_favicon</title>
		<link>http://www.kriesi.at/themes/enfold-landing-page/?post_type=avia_framework_post&#038;p=14</link>
		<pubDate>Wed, 30 Nov -0001 00:00:00 +0000</pubDate>
		<dc:creator><![CDATA[Kriesi]]></dc:creator>
		<guid isPermaLink="false">http://test.kriesi.at/product-signup/?post_type=avia_framework_post&#038;p=5</guid>
		<description></description>
		<content:encoded><![CDATA[]]></content:encoded>
		<excerpt:encoded><![CDATA[]]></excerpt:encoded>
		<wp:post_id>14</wp:post_id>
		<wp:post_date>2015-10-26 13:11:10</wp:post_date>
		<wp:post_date_gmt>0000-00-00 00:00:00</wp:post_date_gmt>
		<wp:comment_status>closed</wp:comment_status>
		<wp:ping_status>closed</wp:ping_status>
		<wp:post_name></wp:post_name>
		<wp:status>draft</wp:status>
		<wp:post_parent>0</wp:post_parent>
		<wp:menu_order>0</wp:menu_order>
		<wp:post_type>avia_framework_post</wp:post_type>
		<wp:post_password></wp:post_password>
		<wp:is_sticky>0</wp:is_sticky>
	</item>
	<item>
		<title>avia_custom_logo_for_preloader</title>
		<link>http://www.kriesi.at/themes/enfold-landing-page/?post_type=avia_framework_post&#038;p=15</link>
		<pubDate>Wed, 30 Nov -0001 00:00:00 +0000</pubDate>
		<dc:creator><![CDATA[Kriesi]]></dc:creator>
		<guid isPermaLink="false">http://test.kriesi.at/product-signup/?post_type=avia_framework_post&#038;p=6</guid>
		<description></description>
		<content:encoded><![CDATA[]]></content:encoded>
		<excerpt:encoded><![CDATA[]]></excerpt:encoded>
		<wp:post_id>15</wp:post_id>
		<wp:post_date>2015-10-26 13:11:10</wp:post_date>
		<wp:post_date_gmt>0000-00-00 00:00:00</wp:post_date_gmt>
		<wp:comment_status>closed</wp:comment_status>
		<wp:ping_status>closed</wp:ping_status>
		<wp:post_name></wp:post_name>
		<wp:status>draft</wp:status>
		<wp:post_parent>0</wp:post_parent>
		<wp:menu_order>0</wp:menu_order>
		<wp:post_type>avia_framework_post</wp:post_type>
		<wp:post_password></wp:post_password>
		<wp:is_sticky>0</wp:is_sticky>
	</item>
	<item>
		<title>avia_custom_background_image</title>
		<link>http://www.kriesi.at/themes/enfold-landing-page/?post_type=avia_framework_post&#038;p=16</link>
		<pubDate>Wed, 30 Nov -0001 00:00:00 +0000</pubDate>
		<dc:creator><![CDATA[Kriesi]]></dc:creator>
		<guid isPermaLink="false">http://test.kriesi.at/product-signup/?post_type=avia_framework_post&#038;p=7</guid>
		<description></description>
		<content:encoded><![CDATA[]]></content:encoded>
		<excerpt:encoded><![CDATA[]]></excerpt:encoded>
		<wp:post_id>16</wp:post_id>
		<wp:post_date>2015-10-26 13:11:10</wp:post_date>
		<wp:post_date_gmt>0000-00-00 00:00:00</wp:post_date_gmt>
		<wp:comment_status>closed</wp:comment_status>
		<wp:ping_status>closed</wp:ping_status>
		<wp:post_name></wp:post_name>
		<wp:status>draft</wp:status>
		<wp:post_parent>0</wp:post_parent>
		<wp:menu_order>0</wp:menu_order>
		<wp:post_type>avia_framework_post</wp:post_type>
		<wp:post_password></wp:post_password>
		<wp:is_sticky>0</wp:is_sticky>
	</item>
	<item>
		<title>avia_transparency_logo</title>
		<link>http://www.kriesi.at/themes/enfold-landing-page/?post_type=avia_framework_post&#038;p=17</link>
		<pubDate>Wed, 30 Nov -0001 00:00:00 +0000</pubDate>
		<dc:creator><![CDATA[Kriesi]]></dc:creator>
		<guid isPermaLink="false">http://test.kriesi.at/product-signup/?post_type=avia_framework_post&#038;p=8</guid>
		<description></description>
		<content:encoded><![CDATA[]]></content:encoded>
		<excerpt:encoded><![CDATA[]]></excerpt:encoded>
		<wp:post_id>17</wp:post_id>
		<wp:post_date>2015-10-26 13:11:10</wp:post_date>
		<wp:post_date_gmt>0000-00-00 00:00:00</wp:post_date_gmt>
		<wp:comment_status>closed</wp:comment_status>
		<wp:ping_status>closed</wp:ping_status>
		<wp:post_name></wp:post_name>
		<wp:status>draft</wp:status>
		<wp:post_parent>0</wp:post_parent>
		<wp:menu_order>0</wp:menu_order>
		<wp:post_type>avia_framework_post</wp:post_type>
		<wp:post_password></wp:post_password>
		<wp:is_sticky>0</wp:is_sticky>
	</item>
	<item>
		<title>avia_template_builder_snippets</title>
		<link>http://www.kriesi.at/themes/enfold-landing-page/?post_type=avia_framework_post&#038;p=18</link>
		<pubDate>Wed, 30 Nov -0001 00:00:00 +0000</pubDate>
		<dc:creator><![CDATA[Kriesi]]></dc:creator>
		<guid isPermaLink="false">http://test.kriesi.at/product-signup/?post_type=avia_framework_post&#038;p=11</guid>
		<description></description>
		<content:encoded><![CDATA[]]></content:encoded>
		<excerpt:encoded><![CDATA[]]></excerpt:encoded>
		<wp:post_id>18</wp:post_id>
		<wp:post_date>2015-10-26 13:28:48</wp:post_date>
		<wp:post_date_gmt>0000-00-00 00:00:00</wp:post_date_gmt>
		<wp:comment_status>closed</wp:comment_status>
		<wp:ping_status>closed</wp:ping_status>
		<wp:post_name></wp:post_name>
		<wp:status>draft</wp:status>
		<wp:post_parent>0</wp:post_parent>
		<wp:menu_order>0</wp:menu_order>
		<wp:post_type>avia_framework_post</wp:post_type>
		<wp:post_password></wp:post_password>
		<wp:is_sticky>0</wp:is_sticky>
	</item>
	<item>
		<title>logo_landing-page</title>
		<link>http://www.kriesi.at/themes/enfold-landing-page/landing-page/logo_landing-page-2/</link>
		<pubDate>Mon, 26 Oct 2015 15:03:22 +0000</pubDate>
		<dc:creator><![CDATA[Kriesi]]></dc:creator>
		<guid isPermaLink="false">http://www.kriesi.at/themes/enfold-landing-page/files/2015/10/logo_landing-page1.png</guid>
		<description></description>
		<content:encoded><![CDATA[]]></content:encoded>
		<excerpt:encoded><![CDATA[]]></excerpt:encoded>
		<wp:post_id>31</wp:post_id>
		<wp:post_date>2015-10-26 15:03:22</wp:post_date>
		<wp:post_date_gmt>2015-10-26 15:03:22</wp:post_date_gmt>
		<wp:comment_status>open</wp:comment_status>
		<wp:ping_status>closed</wp:ping_status>
		<wp:post_name>logo_landing-page-2</wp:post_name>
		<wp:status>inherit</wp:status>
		<wp:post_parent>12</wp:post_parent>
		<wp:menu_order>0</wp:menu_order>
		<wp:post_type>attachment</wp:post_type>
		<wp:post_password></wp:post_password>
		<wp:is_sticky>0</wp:is_sticky>
		<wp:attachment_url>http://www.kriesi.at/themes/enfold-landing-page/files/2015/10/logo_landing-page1.png</wp:attachment_url>
		<wp:postmeta>
			<wp:meta_key>_wp_attached_file</wp:meta_key>
			<wp:meta_value><![CDATA[2015/10/logo_landing-page1.png]]></wp:meta_value>
		</wp:postmeta>
		<wp:postmeta>
			<wp:meta_key>_wp_attachment_metadata</wp:meta_key>
			<wp:meta_value><![CDATA[a:5:{s:5:"width";i:246;s:6:"height";i:246;s:4:"file";s:30:"2015/10/logo_landing-page1.png";s:5:"sizes";a:5:{s:9:"thumbnail";a:4:{s:4:"file";s:28:"logo_landing-page1-80x80.png";s:5:"width";i:80;s:6:"height";i:80;s:9:"mime-type";s:9:"image/png";}s:6:"widget";a:4:{s:4:"file";s:28:"logo_landing-page1-36x36.png";s:5:"width";i:36;s:6:"height";i:36;s:9:"mime-type";s:9:"image/png";}s:6:"square";a:4:{s:4:"file";s:30:"logo_landing-page1-180x180.png";s:5:"width";i:180;s:6:"height";i:180;s:9:"mime-type";s:9:"image/png";}s:15:"portfolio_small";a:4:{s:4:"file";s:30:"logo_landing-page1-246x185.png";s:5:"width";i:246;s:6:"height";i:185;s:9:"mime-type";s:9:"image/png";}s:14:"shop_thumbnail";a:4:{s:4:"file";s:30:"logo_landing-page1-120x120.png";s:5:"width";i:120;s:6:"height";i:120;s:9:"mime-type";s:9:"image/png";}}s:10:"image_meta";a:11:{s:8:"aperture";i:0;s:6:"credit";s:0:"";s:6:"camera";s:0:"";s:7:"caption";s:0:"";s:17:"created_timestamp";i:0;s:9:"copyright";s:0:"";s:12:"focal_length";i:0;s:3:"iso";i:0;s:13:"shutter_speed";i:0;s:5:"title";s:0:"";s:11:"orientation";i:0;}}]]></wp:meta_value>
		</wp:postmeta>
	</item>
	<item>
		<title>Sign me up</title>
		<link>http://www.kriesi.at/themes/enfold-landing-page/2015/11/04/sign-me-up/</link>
		<pubDate>Wed, 04 Nov 2015 20:08:22 +0000</pubDate>
		<dc:creator><![CDATA[Kriesi]]></dc:creator>
		<guid isPermaLink="false">http://www.kriesi.at/themes/enfold-landing-page/2015/11/04/sign-me-up/</guid>
		<description></description>
		<content:encoded><![CDATA[]]></content:encoded>
		<excerpt:encoded><![CDATA[]]></excerpt:encoded>
		<wp:post_id>32</wp:post_id>
		<wp:post_date>2015-11-04 20:08:22</wp:post_date>
		<wp:post_date_gmt>2015-11-04 20:08:22</wp:post_date_gmt>
		<wp:comment_status>closed</wp:comment_status>
		<wp:ping_status>closed</wp:ping_status>
		<wp:post_name>sign-me-up</wp:post_name>
		<wp:status>publish</wp:status>
		<wp:post_parent>0</wp:post_parent>
		<wp:menu_order>4</wp:menu_order>
		<wp:post_type>nav_menu_item</wp:post_type>
		<wp:post_password></wp:post_password>
		<wp:is_sticky>0</wp:is_sticky>
		<category domain="nav_menu" nicename="main-menu"><![CDATA[Main Menu]]></category>
		<wp:postmeta>
			<wp:meta_key>_menu_item_type</wp:meta_key>
			<wp:meta_value><![CDATA[custom]]></wp:meta_value>
		</wp:postmeta>
		<wp:postmeta>
			<wp:meta_key>_menu_item_menu_item_parent</wp:meta_key>
			<wp:meta_value><![CDATA[0]]></wp:meta_value>
		</wp:postmeta>
		<wp:postmeta>
			<wp:meta_key>_menu_item_object_id</wp:meta_key>
			<wp:meta_value><![CDATA[32]]></wp:meta_value>
		</wp:postmeta>
		<wp:postmeta>
			<wp:meta_key>_menu_item_object</wp:meta_key>
			<wp:meta_value><![CDATA[custom]]></wp:meta_value>
		</wp:postmeta>
		<wp:postmeta>
			<wp:meta_key>_menu_item_target</wp:meta_key>
			<wp:meta_value><![CDATA[]]></wp:meta_value>
		</wp:postmeta>
		<wp:postmeta>
			<wp:meta_key>_menu_item_classes</wp:meta_key>
			<wp:meta_value><![CDATA[a:1:{i:0;s:0:"";}]]></wp:meta_value>
		</wp:postmeta>
		<wp:postmeta>
			<wp:meta_key>_menu_item_xfn</wp:meta_key>
			<wp:meta_value><![CDATA[]]></wp:meta_value>
		</wp:postmeta>
		<wp:postmeta>
			<wp:meta_key>_menu_item_url</wp:meta_key>
			<wp:meta_value><![CDATA[#sign-up]]></wp:meta_value>
		</wp:postmeta>
		<wp:postmeta>
			<wp:meta_key>_menu-item-avia-megamenu</wp:meta_key>
			<wp:meta_value><![CDATA[]]></wp:meta_value>
		</wp:postmeta>
		<wp:postmeta>
			<wp:meta_key>_menu-item-avia-division</wp:meta_key>
			<wp:meta_value><![CDATA[]]></wp:meta_value>
		</wp:postmeta>
		<wp:postmeta>
			<wp:meta_key>_menu-item-avia-textarea</wp:meta_key>
			<wp:meta_value><![CDATA[]]></wp:meta_value>
		</wp:postmeta>
		<wp:postmeta>
			<wp:meta_key>_menu-item-avia-style</wp:meta_key>
			<wp:meta_value><![CDATA[av-menu-button av-menu-button-colored]]></wp:meta_value>
		</wp:postmeta>
	</item>
	<item>
		<title>park-place</title>
		<link>http://www.kriesi.at/themes/enfold-landing-page/landing-page/park-place-2/</link>
		<pubDate>Tue, 27 Oct 2015 15:55:09 +0000</pubDate>
		<dc:creator><![CDATA[Kriesi]]></dc:creator>
		<guid isPermaLink="false">http://www.kriesi.at/themes/enfold-landing-page/files/2015/10/park-place.png</guid>
		<description></description>
		<content:encoded><![CDATA[]]></content:encoded>
		<excerpt:encoded><![CDATA[]]></excerpt:encoded>
		<wp:post_id>133</wp:post_id>
		<wp:post_date>2015-10-27 15:55:09</wp:post_date>
		<wp:post_date_gmt>2015-10-27 15:55:09</wp:post_date_gmt>
		<wp:comment_status>open</wp:comment_status>
		<wp:ping_status>closed</wp:ping_status>
		<wp:post_name>park-place-2</wp:post_name>
		<wp:status>inherit</wp:status>
		<wp:post_parent>12</wp:post_parent>
		<wp:menu_order>0</wp:menu_order>
		<wp:post_type>attachment</wp:post_type>
		<wp:post_password></wp:post_password>
		<wp:is_sticky>0</wp:is_sticky>
		<wp:attachment_url>http://www.kriesi.at/themes/enfold-landing-page/files/2015/10/park-place.png</wp:attachment_url>
		<wp:postmeta>
			<wp:meta_key>_wp_attached_file</wp:meta_key>
			<wp:meta_value><![CDATA[2015/10/park-place.png]]></wp:meta_value>
		</wp:postmeta>
		<wp:postmeta>
			<wp:meta_key>_wp_attachment_metadata</wp:meta_key>
			<wp:meta_value><![CDATA[a:5:{s:5:"width";i:1280;s:6:"height";i:853;s:4:"file";s:22:"2015/10/park-place.png";s:5:"sizes";a:17:{s:9:"thumbnail";a:4:{s:4:"file";s:20:"park-place-80x80.png";s:5:"width";i:80;s:6:"height";i:80;s:9:"mime-type";s:9:"image/png";}s:6:"medium";a:4:{s:4:"file";s:22:"park-place-300x200.png";s:5:"width";i:300;s:6:"height";i:200;s:9:"mime-type";s:9:"image/png";}s:5:"large";a:4:{s:4:"file";s:23:"park-place-1030x686.png";s:5:"width";i:1030;s:6:"height";i:686;s:9:"mime-type";s:9:"image/png";}s:6:"widget";a:4:{s:4:"file";s:20:"park-place-36x36.png";s:5:"width";i:36;s:6:"height";i:36;s:9:"mime-type";s:9:"image/png";}s:6:"square";a:4:{s:4:"file";s:22:"park-place-180x180.png";s:5:"width";i:180;s:6:"height";i:180;s:9:"mime-type";s:9:"image/png";}s:8:"featured";a:4:{s:4:"file";s:23:"park-place-1280x430.png";s:5:"width";i:1280;s:6:"height";i:430;s:9:"mime-type";s:9:"image/png";}s:14:"featured_large";a:4:{s:4:"file";s:23:"park-place-1280x630.png";s:5:"width";i:1280;s:6:"height";i:630;s:9:"mime-type";s:9:"image/png";}s:9:"portfolio";a:4:{s:4:"file";s:22:"park-place-495x400.png";s:5:"width";i:495;s:6:"height";i:400;s:9:"mime-type";s:9:"image/png";}s:15:"portfolio_small";a:4:{s:4:"file";s:22:"park-place-260x185.png";s:5:"width";i:260;s:6:"height";i:185;s:9:"mime-type";s:9:"image/png";}s:7:"gallery";a:4:{s:4:"file";s:22:"park-place-845x684.png";s:5:"width";i:845;s:6:"height";i:684;s:9:"mime-type";s:9:"image/png";}s:8:"magazine";a:4:{s:4:"file";s:22:"park-place-710x375.png";s:5:"width";i:710;s:6:"height";i:375;s:9:"mime-type";s:9:"image/png";}s:7:"masonry";a:4:{s:4:"file";s:22:"park-place-705x470.png";s:5:"width";i:705;s:6:"height";i:470;s:9:"mime-type";s:9:"image/png";}s:18:"entry_with_sidebar";a:4:{s:4:"file";s:22:"park-place-845x321.png";s:5:"width";i:845;s:6:"height";i:321;s:9:"mime-type";s:9:"image/png";}s:21:"entry_without_sidebar";a:4:{s:4:"file";s:23:"park-place-1210x423.png";s:5:"width";i:1210;s:6:"height";i:423;s:9:"mime-type";s:9:"image/png";}s:14:"shop_thumbnail";a:4:{s:4:"file";s:22:"park-place-120x120.png";s:5:"width";i:120;s:6:"height";i:120;s:9:"mime-type";s:9:"image/png";}s:12:"shop_catalog";a:4:{s:4:"file";s:22:"park-place-450x450.png";s:5:"width";i:450;s:6:"height";i:450;s:9:"mime-type";s:9:"image/png";}s:11:"shop_single";a:4:{s:4:"file";s:22:"park-place-450x300.png";s:5:"width";i:450;s:6:"height";i:300;s:9:"mime-type";s:9:"image/png";}}s:10:"image_meta";a:11:{s:8:"aperture";i:0;s:6:"credit";s:0:"";s:6:"camera";s:0:"";s:7:"caption";s:0:"";s:17:"created_timestamp";i:0;s:9:"copyright";s:0:"";s:12:"focal_length";i:0;s:3:"iso";i:0;s:13:"shutter_speed";i:0;s:5:"title";s:0:"";s:11:"orientation";i:0;}}]]></wp:meta_value>
		</wp:postmeta>
	</item>
	<item>
		<title>snacks_single_blue</title>
		<link>http://www.kriesi.at/themes/enfold-landing-page/landing-page/snacks_single_blue/</link>
		<pubDate>Tue, 27 Oct 2015 18:33:40 +0000</pubDate>
		<dc:creator><![CDATA[Kriesi]]></dc:creator>
		<guid isPermaLink="false">http://www.kriesi.at/themes/enfold-landing-page/files/2015/10/snacks_single_blue.png</guid>
		<description></description>
		<content:encoded><![CDATA[]]></content:encoded>
		<excerpt:encoded><![CDATA[]]></excerpt:encoded>
		<wp:post_id>159</wp:post_id>
		<wp:post_date>2015-10-27 18:33:40</wp:post_date>
		<wp:post_date_gmt>2015-10-27 18:33:40</wp:post_date_gmt>
		<wp:comment_status>open</wp:comment_status>
		<wp:ping_status>closed</wp:ping_status>
		<wp:post_name>snacks_single_blue</wp:post_name>
		<wp:status>inherit</wp:status>
		<wp:post_parent>12</wp:post_parent>
		<wp:menu_order>0</wp:menu_order>
		<wp:post_type>attachment</wp:post_type>
		<wp:post_password></wp:post_password>
		<wp:is_sticky>0</wp:is_sticky>
		<wp:attachment_url>http://www.kriesi.at/themes/enfold-landing-page/files/2015/10/snacks_single_blue.png</wp:attachment_url>
		<wp:postmeta>
			<wp:meta_key>_wp_attached_file</wp:meta_key>
			<wp:meta_value><![CDATA[2015/10/snacks_single_blue.png]]></wp:meta_value>
		</wp:postmeta>
		<wp:postmeta>
			<wp:meta_key>_wp_attachment_metadata</wp:meta_key>
			<wp:meta_value><![CDATA[a:5:{s:5:"width";i:504;s:6:"height";i:1016;s:4:"file";s:30:"2015/10/snacks_single_blue.png";s:5:"sizes";a:16:{s:9:"thumbnail";a:4:{s:4:"file";s:28:"snacks_single_blue-80x80.png";s:5:"width";i:80;s:6:"height";i:80;s:9:"mime-type";s:9:"image/png";}s:6:"medium";a:4:{s:4:"file";s:30:"snacks_single_blue-149x300.png";s:5:"width";i:149;s:6:"height";i:300;s:9:"mime-type";s:9:"image/png";}s:6:"widget";a:4:{s:4:"file";s:28:"snacks_single_blue-36x36.png";s:5:"width";i:36;s:6:"height";i:36;s:9:"mime-type";s:9:"image/png";}s:6:"square";a:4:{s:4:"file";s:30:"snacks_single_blue-180x180.png";s:5:"width";i:180;s:6:"height";i:180;s:9:"mime-type";s:9:"image/png";}s:8:"featured";a:4:{s:4:"file";s:30:"snacks_single_blue-504x430.png";s:5:"width";i:504;s:6:"height";i:430;s:9:"mime-type";s:9:"image/png";}s:14:"featured_large";a:4:{s:4:"file";s:30:"snacks_single_blue-504x630.png";s:5:"width";i:504;s:6:"height";i:630;s:9:"mime-type";s:9:"image/png";}s:9:"portfolio";a:4:{s:4:"file";s:30:"snacks_single_blue-495x400.png";s:5:"width";i:495;s:6:"height";i:400;s:9:"mime-type";s:9:"image/png";}s:15:"portfolio_small";a:4:{s:4:"file";s:30:"snacks_single_blue-260x185.png";s:5:"width";i:260;s:6:"height";i:185;s:9:"mime-type";s:9:"image/png";}s:7:"gallery";a:4:{s:4:"file";s:30:"snacks_single_blue-504x684.png";s:5:"width";i:504;s:6:"height";i:684;s:9:"mime-type";s:9:"image/png";}s:8:"magazine";a:4:{s:4:"file";s:30:"snacks_single_blue-504x375.png";s:5:"width";i:504;s:6:"height";i:375;s:9:"mime-type";s:9:"image/png";}s:7:"masonry";a:4:{s:4:"file";s:30:"snacks_single_blue-350x705.png";s:5:"width";i:350;s:6:"height";i:705;s:9:"mime-type";s:9:"image/png";}s:18:"entry_with_sidebar";a:4:{s:4:"file";s:30:"snacks_single_blue-504x321.png";s:5:"width";i:504;s:6:"height";i:321;s:9:"mime-type";s:9:"image/png";}s:21:"entry_without_sidebar";a:4:{s:4:"file";s:30:"snacks_single_blue-504x423.png";s:5:"width";i:504;s:6:"height";i:423;s:9:"mime-type";s:9:"image/png";}s:14:"shop_thumbnail";a:4:{s:4:"file";s:30:"snacks_single_blue-120x120.png";s:5:"width";i:120;s:6:"height";i:120;s:9:"mime-type";s:9:"image/png";}s:12:"shop_catalog";a:4:{s:4:"file";s:30:"snacks_single_blue-450x450.png";s:5:"width";i:450;s:6:"height";i:450;s:9:"mime-type";s:9:"image/png";}s:11:"shop_single";a:4:{s:4:"file";s:30:"snacks_single_blue-450x907.png";s:5:"width";i:450;s:6:"height";i:907;s:9:"mime-type";s:9:"image/png";}}s:10:"image_meta";a:11:{s:8:"aperture";i:0;s:6:"credit";s:0:"";s:6:"camera";s:0:"";s:7:"caption";s:0:"";s:17:"created_timestamp";i:0;s:9:"copyright";s:0:"";s:12:"focal_length";i:0;s:3:"iso";i:0;s:13:"shutter_speed";i:0;s:5:"title";s:0:"";s:11:"orientation";i:0;}}]]></wp:meta_value>
		</wp:postmeta>
	</item>
	<item>
		<title>snacks1_blur</title>
		<link>http://www.kriesi.at/themes/enfold-landing-page/landing-page/snacks1_blur/</link>
		<pubDate>Tue, 27 Oct 2015 20:29:40 +0000</pubDate>
		<dc:creator><![CDATA[Kriesi]]></dc:creator>
		<guid isPermaLink="false">http://www.kriesi.at/themes/enfold-landing-page/files/2015/10/snacks1_blur.png</guid>
		<description></description>
		<content:encoded><![CDATA[]]></content:encoded>
		<excerpt:encoded><![CDATA[]]></excerpt:encoded>
		<wp:post_id>164</wp:post_id>
		<wp:post_date>2015-10-27 20:29:40</wp:post_date>
		<wp:post_date_gmt>2015-10-27 20:29:40</wp:post_date_gmt>
		<wp:comment_status>open</wp:comment_status>
		<wp:ping_status>closed</wp:ping_status>
		<wp:post_name>snacks1_blur</wp:post_name>
		<wp:status>inherit</wp:status>
		<wp:post_parent>12</wp:post_parent>
		<wp:menu_order>0</wp:menu_order>
		<wp:post_type>attachment</wp:post_type>
		<wp:post_password></wp:post_password>
		<wp:is_sticky>0</wp:is_sticky>
		<wp:attachment_url>http://www.kriesi.at/themes/enfold-landing-page/files/2015/10/snacks1_blur.png</wp:attachment_url>
		<wp:postmeta>
			<wp:meta_key>_wp_attached_file</wp:meta_key>
			<wp:meta_value><![CDATA[2015/10/snacks1_blur.png]]></wp:meta_value>
		</wp:postmeta>
		<wp:postmeta>
			<wp:meta_key>_wp_attachment_metadata</wp:meta_key>
			<wp:meta_value><![CDATA[a:5:{s:5:"width";i:800;s:6:"height";i:637;s:4:"file";s:24:"2015/10/snacks1_blur.png";s:5:"sizes";a:15:{s:9:"thumbnail";a:4:{s:4:"file";s:22:"snacks1_blur-80x80.png";s:5:"width";i:80;s:6:"height";i:80;s:9:"mime-type";s:9:"image/png";}s:6:"medium";a:4:{s:4:"file";s:24:"snacks1_blur-300x239.png";s:5:"width";i:300;s:6:"height";i:239;s:9:"mime-type";s:9:"image/png";}s:6:"widget";a:4:{s:4:"file";s:22:"snacks1_blur-36x36.png";s:5:"width";i:36;s:6:"height";i:36;s:9:"mime-type";s:9:"image/png";}s:6:"square";a:4:{s:4:"file";s:24:"snacks1_blur-180x180.png";s:5:"width";i:180;s:6:"height";i:180;s:9:"mime-type";s:9:"image/png";}s:8:"featured";a:4:{s:4:"file";s:24:"snacks1_blur-800x430.png";s:5:"width";i:800;s:6:"height";i:430;s:9:"mime-type";s:9:"image/png";}s:14:"featured_large";a:4:{s:4:"file";s:24:"snacks1_blur-800x630.png";s:5:"width";i:800;s:6:"height";i:630;s:9:"mime-type";s:9:"image/png";}s:9:"portfolio";a:4:{s:4:"file";s:24:"snacks1_blur-495x400.png";s:5:"width";i:495;s:6:"height";i:400;s:9:"mime-type";s:9:"image/png";}s:15:"portfolio_small";a:4:{s:4:"file";s:24:"snacks1_blur-260x185.png";s:5:"width";i:260;s:6:"height";i:185;s:9:"mime-type";s:9:"image/png";}s:8:"magazine";a:4:{s:4:"file";s:24:"snacks1_blur-710x375.png";s:5:"width";i:710;s:6:"height";i:375;s:9:"mime-type";s:9:"image/png";}s:7:"masonry";a:4:{s:4:"file";s:24:"snacks1_blur-705x561.png";s:5:"width";i:705;s:6:"height";i:561;s:9:"mime-type";s:9:"image/png";}s:18:"entry_with_sidebar";a:4:{s:4:"file";s:24:"snacks1_blur-800x321.png";s:5:"width";i:800;s:6:"height";i:321;s:9:"mime-type";s:9:"image/png";}s:21:"entry_without_sidebar";a:4:{s:4:"file";s:24:"snacks1_blur-800x423.png";s:5:"width";i:800;s:6:"height";i:423;s:9:"mime-type";s:9:"image/png";}s:14:"shop_thumbnail";a:4:{s:4:"file";s:24:"snacks1_blur-120x120.png";s:5:"width";i:120;s:6:"height";i:120;s:9:"mime-type";s:9:"image/png";}s:12:"shop_catalog";a:4:{s:4:"file";s:24:"snacks1_blur-450x450.png";s:5:"width";i:450;s:6:"height";i:450;s:9:"mime-type";s:9:"image/png";}s:11:"shop_single";a:4:{s:4:"file";s:24:"snacks1_blur-450x358.png";s:5:"width";i:450;s:6:"height";i:358;s:9:"mime-type";s:9:"image/png";}}s:10:"image_meta";a:11:{s:8:"aperture";i:0;s:6:"credit";s:0:"";s:6:"camera";s:0:"";s:7:"caption";s:0:"";s:17:"created_timestamp";i:0;s:9:"copyright";s:0:"";s:12:"focal_length";i:0;s:3:"iso";i:0;s:13:"shutter_speed";i:0;s:5:"title";s:0:"";s:11:"orientation";i:0;}}]]></wp:meta_value>
		</wp:postmeta>
	</item>
	<item>
		<title>desat-boy-m1</title>
		<link>http://www.kriesi.at/themes/enfold-landing-page/landing-page/desat-boy-m1/</link>
		<pubDate>Tue, 27 Oct 2015 20:35:30 +0000</pubDate>
		<dc:creator><![CDATA[Kriesi]]></dc:creator>
		<guid isPermaLink="false">http://www.kriesi.at/themes/enfold-landing-page/files/2015/10/desat-boy-m1.jpg</guid>
		<description></description>
		<content:encoded><![CDATA[]]></content:encoded>
		<excerpt:encoded><![CDATA[]]></excerpt:encoded>
		<wp:post_id>168</wp:post_id>
		<wp:post_date>2015-10-27 20:35:30</wp:post_date>
		<wp:post_date_gmt>2015-10-27 20:35:30</wp:post_date_gmt>
		<wp:comment_status>open</wp:comment_status>
		<wp:ping_status>closed</wp:ping_status>
		<wp:post_name>desat-boy-m1</wp:post_name>
		<wp:status>inherit</wp:status>
		<wp:post_parent>12</wp:post_parent>
		<wp:menu_order>0</wp:menu_order>
		<wp:post_type>attachment</wp:post_type>
		<wp:post_password></wp:post_password>
		<wp:is_sticky>0</wp:is_sticky>
		<wp:attachment_url>http://www.kriesi.at/themes/enfold-landing-page/files/2015/10/desat-boy-m1.jpg</wp:attachment_url>
		<wp:postmeta>
			<wp:meta_key>_wp_attached_file</wp:meta_key>
			<wp:meta_value><![CDATA[2015/10/desat-boy-m1.jpg]]></wp:meta_value>
		</wp:postmeta>
		<wp:postmeta>
			<wp:meta_key>_wp_attachment_metadata</wp:meta_key>
			<wp:meta_value><![CDATA[a:5:{s:5:"width";i:850;s:6:"height";i:850;s:4:"file";s:24:"2015/10/desat-boy-m1.jpg";s:5:"sizes";a:16:{s:9:"thumbnail";a:4:{s:4:"file";s:22:"desat-boy-m1-80x80.jpg";s:5:"width";i:80;s:6:"height";i:80;s:9:"mime-type";s:10:"image/jpeg";}s:6:"medium";a:4:{s:4:"file";s:24:"desat-boy-m1-300x300.jpg";s:5:"width";i:300;s:6:"height";i:300;s:9:"mime-type";s:10:"image/jpeg";}s:6:"widget";a:4:{s:4:"file";s:22:"desat-boy-m1-36x36.jpg";s:5:"width";i:36;s:6:"height";i:36;s:9:"mime-type";s:10:"image/jpeg";}s:6:"square";a:4:{s:4:"file";s:24:"desat-boy-m1-180x180.jpg";s:5:"width";i:180;s:6:"height";i:180;s:9:"mime-type";s:10:"image/jpeg";}s:8:"featured";a:4:{s:4:"file";s:24:"desat-boy-m1-850x430.jpg";s:5:"width";i:850;s:6:"height";i:430;s:9:"mime-type";s:10:"image/jpeg";}s:14:"featured_large";a:4:{s:4:"file";s:24:"desat-boy-m1-850x630.jpg";s:5:"width";i:850;s:6:"height";i:630;s:9:"mime-type";s:10:"image/jpeg";}s:9:"portfolio";a:4:{s:4:"file";s:24:"desat-boy-m1-495x400.jpg";s:5:"width";i:495;s:6:"height";i:400;s:9:"mime-type";s:10:"image/jpeg";}s:15:"portfolio_small";a:4:{s:4:"file";s:24:"desat-boy-m1-260x185.jpg";s:5:"width";i:260;s:6:"height";i:185;s:9:"mime-type";s:10:"image/jpeg";}s:7:"gallery";a:4:{s:4:"file";s:24:"desat-boy-m1-845x684.jpg";s:5:"width";i:845;s:6:"height";i:684;s:9:"mime-type";s:10:"image/jpeg";}s:8:"magazine";a:4:{s:4:"file";s:24:"desat-boy-m1-710x375.jpg";s:5:"width";i:710;s:6:"height";i:375;s:9:"mime-type";s:10:"image/jpeg";}s:7:"masonry";a:4:{s:4:"file";s:24:"desat-boy-m1-705x705.jpg";s:5:"width";i:705;s:6:"height";i:705;s:9:"mime-type";s:10:"image/jpeg";}s:18:"entry_with_sidebar";a:4:{s:4:"file";s:24:"desat-boy-m1-845x321.jpg";s:5:"width";i:845;s:6:"height";i:321;s:9:"mime-type";s:10:"image/jpeg";}s:21:"entry_without_sidebar";a:4:{s:4:"file";s:24:"desat-boy-m1-850x423.jpg";s:5:"width";i:850;s:6:"height";i:423;s:9:"mime-type";s:10:"image/jpeg";}s:14:"shop_thumbnail";a:4:{s:4:"file";s:24:"desat-boy-m1-120x120.jpg";s:5:"width";i:120;s:6:"height";i:120;s:9:"mime-type";s:10:"image/jpeg";}s:12:"shop_catalog";a:4:{s:4:"file";s:24:"desat-boy-m1-450x450.jpg";s:5:"width";i:450;s:6:"height";i:450;s:9:"mime-type";s:10:"image/jpeg";}s:11:"shop_single";a:4:{s:4:"file";s:24:"desat-boy-m1-450x450.jpg";s:5:"width";i:450;s:6:"height";i:450;s:9:"mime-type";s:10:"image/jpeg";}}s:10:"image_meta";a:11:{s:8:"aperture";i:0;s:6:"credit";s:0:"";s:6:"camera";s:0:"";s:7:"caption";s:0:"";s:17:"created_timestamp";i:0;s:9:"copyright";s:0:"";s:12:"focal_length";i:0;s:3:"iso";i:0;s:13:"shutter_speed";i:0;s:5:"title";s:0:"";s:11:"orientation";i:0;}}]]></wp:meta_value>
		</wp:postmeta>
	</item>
	<item>
		<title>desat-girl-m13</title>
		<link>http://www.kriesi.at/themes/enfold-landing-page/landing-page/desat-girl-m13/</link>
		<pubDate>Tue, 27 Oct 2015 20:35:31 +0000</pubDate>
		<dc:creator><![CDATA[Kriesi]]></dc:creator>
		<guid isPermaLink="false">http://www.kriesi.at/themes/enfold-landing-page/files/2015/10/desat-girl-m13.jpg</guid>
		<description></description>
		<content:encoded><![CDATA[]]></content:encoded>
		<excerpt:encoded><![CDATA[]]></excerpt:encoded>
		<wp:post_id>169</wp:post_id>
		<wp:post_date>2015-10-27 20:35:31</wp:post_date>
		<wp:post_date_gmt>2015-10-27 20:35:31</wp:post_date_gmt>
		<wp:comment_status>open</wp:comment_status>
		<wp:ping_status>closed</wp:ping_status>
		<wp:post_name>desat-girl-m13</wp:post_name>
		<wp:status>inherit</wp:status>
		<wp:post_parent>12</wp:post_parent>
		<wp:menu_order>0</wp:menu_order>
		<wp:post_type>attachment</wp:post_type>
		<wp:post_password></wp:post_password>
		<wp:is_sticky>0</wp:is_sticky>
		<wp:attachment_url>http://www.kriesi.at/themes/enfold-landing-page/files/2015/10/desat-girl-m13.jpg</wp:attachment_url>
		<wp:postmeta>
			<wp:meta_key>_wp_attached_file</wp:meta_key>
			<wp:meta_value><![CDATA[2015/10/desat-girl-m13.jpg]]></wp:meta_value>
		</wp:postmeta>
		<wp:postmeta>
			<wp:meta_key>_wp_attachment_metadata</wp:meta_key>
			<wp:meta_value><![CDATA[a:5:{s:5:"width";i:850;s:6:"height";i:850;s:4:"file";s:26:"2015/10/desat-girl-m13.jpg";s:5:"sizes";a:16:{s:9:"thumbnail";a:4:{s:4:"file";s:24:"desat-girl-m13-80x80.jpg";s:5:"width";i:80;s:6:"height";i:80;s:9:"mime-type";s:10:"image/jpeg";}s:6:"medium";a:4:{s:4:"file";s:26:"desat-girl-m13-300x300.jpg";s:5:"width";i:300;s:6:"height";i:300;s:9:"mime-type";s:10:"image/jpeg";}s:6:"widget";a:4:{s:4:"file";s:24:"desat-girl-m13-36x36.jpg";s:5:"width";i:36;s:6:"height";i:36;s:9:"mime-type";s:10:"image/jpeg";}s:6:"square";a:4:{s:4:"file";s:26:"desat-girl-m13-180x180.jpg";s:5:"width";i:180;s:6:"height";i:180;s:9:"mime-type";s:10:"image/jpeg";}s:8:"featured";a:4:{s:4:"file";s:26:"desat-girl-m13-850x430.jpg";s:5:"width";i:850;s:6:"height";i:430;s:9:"mime-type";s:10:"image/jpeg";}s:14:"featured_large";a:4:{s:4:"file";s:26:"desat-girl-m13-850x630.jpg";s:5:"width";i:850;s:6:"height";i:630;s:9:"mime-type";s:10:"image/jpeg";}s:9:"portfolio";a:4:{s:4:"file";s:26:"desat-girl-m13-495x400.jpg";s:5:"width";i:495;s:6:"height";i:400;s:9:"mime-type";s:10:"image/jpeg";}s:15:"portfolio_small";a:4:{s:4:"file";s:26:"desat-girl-m13-260x185.jpg";s:5:"width";i:260;s:6:"height";i:185;s:9:"mime-type";s:10:"image/jpeg";}s:7:"gallery";a:4:{s:4:"file";s:26:"desat-girl-m13-845x684.jpg";s:5:"width";i:845;s:6:"height";i:684;s:9:"mime-type";s:10:"image/jpeg";}s:8:"magazine";a:4:{s:4:"file";s:26:"desat-girl-m13-710x375.jpg";s:5:"width";i:710;s:6:"height";i:375;s:9:"mime-type";s:10:"image/jpeg";}s:7:"masonry";a:4:{s:4:"file";s:26:"desat-girl-m13-705x705.jpg";s:5:"width";i:705;s:6:"height";i:705;s:9:"mime-type";s:10:"image/jpeg";}s:18:"entry_with_sidebar";a:4:{s:4:"file";s:26:"desat-girl-m13-845x321.jpg";s:5:"width";i:845;s:6:"height";i:321;s:9:"mime-type";s:10:"image/jpeg";}s:21:"entry_without_sidebar";a:4:{s:4:"file";s:26:"desat-girl-m13-850x423.jpg";s:5:"width";i:850;s:6:"height";i:423;s:9:"mime-type";s:10:"image/jpeg";}s:14:"shop_thumbnail";a:4:{s:4:"file";s:26:"desat-girl-m13-120x120.jpg";s:5:"width";i:120;s:6:"height";i:120;s:9:"mime-type";s:10:"image/jpeg";}s:12:"shop_catalog";a:4:{s:4:"file";s:26:"desat-girl-m13-450x450.jpg";s:5:"width";i:450;s:6:"height";i:450;s:9:"mime-type";s:10:"image/jpeg";}s:11:"shop_single";a:4:{s:4:"file";s:26:"desat-girl-m13-450x450.jpg";s:5:"width";i:450;s:6:"height";i:450;s:9:"mime-type";s:10:"image/jpeg";}}s:10:"image_meta";a:11:{s:8:"aperture";i:0;s:6:"credit";s:0:"";s:6:"camera";s:0:"";s:7:"caption";s:0:"";s:17:"created_timestamp";i:0;s:9:"copyright";s:0:"";s:12:"focal_length";i:0;s:3:"iso";i:0;s:13:"shutter_speed";i:0;s:5:"title";s:0:"";s:11:"orientation";i:0;}}]]></wp:meta_value>
		</wp:postmeta>
	</item>
	<item>
		<title>logo_landing-page-dark</title>
		<link>http://www.kriesi.at/themes/enfold-landing-page/landing-page/logo_landing-page-dark/</link>
		<pubDate>Wed, 28 Oct 2015 08:57:52 +0000</pubDate>
		<dc:creator><![CDATA[Kriesi]]></dc:creator>
		<guid isPermaLink="false">http://www.kriesi.at/themes/enfold-landing-page/files/2015/10/logo_landing-page-dark.png</guid>
		<description></description>
		<content:encoded><![CDATA[]]></content:encoded>
		<excerpt:encoded><![CDATA[]]></excerpt:encoded>
		<wp:post_id>194</wp:post_id>
		<wp:post_date>2015-10-28 08:57:52</wp:post_date>
		<wp:post_date_gmt>2015-10-28 08:57:52</wp:post_date_gmt>
		<wp:comment_status>open</wp:comment_status>
		<wp:ping_status>closed</wp:ping_status>
		<wp:post_name>logo_landing-page-dark</wp:post_name>
		<wp:status>inherit</wp:status>
		<wp:post_parent>12</wp:post_parent>
		<wp:menu_order>0</wp:menu_order>
		<wp:post_type>attachment</wp:post_type>
		<wp:post_password></wp:post_password>
		<wp:is_sticky>0</wp:is_sticky>
		<wp:attachment_url>http://www.kriesi.at/themes/enfold-landing-page/files/2015/10/logo_landing-page-dark.png</wp:attachment_url>
		<wp:postmeta>
			<wp:meta_key>_wp_attached_file</wp:meta_key>
			<wp:meta_value><![CDATA[2015/10/logo_landing-page-dark.png]]></wp:meta_value>
		</wp:postmeta>
		<wp:postmeta>
			<wp:meta_key>_wp_attachment_metadata</wp:meta_key>
			<wp:meta_value><![CDATA[a:5:{s:5:"width";i:184;s:6:"height";i:246;s:4:"file";s:34:"2015/10/logo_landing-page-dark.png";s:5:"sizes";a:5:{s:9:"thumbnail";a:4:{s:4:"file";s:32:"logo_landing-page-dark-80x80.png";s:5:"width";i:80;s:6:"height";i:80;s:9:"mime-type";s:9:"image/png";}s:6:"widget";a:4:{s:4:"file";s:32:"logo_landing-page-dark-36x36.png";s:5:"width";i:36;s:6:"height";i:36;s:9:"mime-type";s:9:"image/png";}s:6:"square";a:4:{s:4:"file";s:34:"logo_landing-page-dark-180x180.png";s:5:"width";i:180;s:6:"height";i:180;s:9:"mime-type";s:9:"image/png";}s:15:"portfolio_small";a:4:{s:4:"file";s:34:"logo_landing-page-dark-184x185.png";s:5:"width";i:184;s:6:"height";i:185;s:9:"mime-type";s:9:"image/png";}s:14:"shop_thumbnail";a:4:{s:4:"file";s:34:"logo_landing-page-dark-120x120.png";s:5:"width";i:120;s:6:"height";i:120;s:9:"mime-type";s:9:"image/png";}}s:10:"image_meta";a:11:{s:8:"aperture";i:0;s:6:"credit";s:0:"";s:6:"camera";s:0:"";s:7:"caption";s:0:"";s:17:"created_timestamp";i:0;s:9:"copyright";s:0:"";s:12:"focal_length";i:0;s:3:"iso";i:0;s:13:"shutter_speed";i:0;s:5:"title";s:0:"";s:11:"orientation";i:0;}}]]></wp:meta_value>
		</wp:postmeta>
	</item>
	<item>
		<title>Hello World!</title>
		<link>http://www.kriesi.at/themes/enfold-landing-page/forums/topic/hello-world/</link>
		<pubDate>Wed, 04 Nov 2015 20:01:40 +0000</pubDate>
		<dc:creator><![CDATA[Kriesi]]></dc:creator>
		<guid isPermaLink="false">http://www.kriesi.at/themes/enfold-landing-page/forums/topic/hello-world/</guid>
		<description></description>
		<content:encoded><![CDATA[I am the first topic in your new forums.]]></content:encoded>
		<excerpt:encoded><![CDATA[]]></excerpt:encoded>
		<wp:post_id>4</wp:post_id>
		<wp:post_date>2015-11-04 20:01:40</wp:post_date>
		<wp:post_date_gmt>2015-11-04 20:01:40</wp:post_date_gmt>
		<wp:comment_status>closed</wp:comment_status>
		<wp:ping_status>closed</wp:ping_status>
		<wp:post_name>hello-world</wp:post_name>
		<wp:status>publish</wp:status>
		<wp:post_parent>3</wp:post_parent>
		<wp:menu_order>0</wp:menu_order>
		<wp:post_type>topic</wp:post_type>
		<wp:post_password></wp:post_password>
		<wp:is_sticky>0</wp:is_sticky>
		<wp:postmeta>
			<wp:meta_key>_bbp_author_ip</wp:meta_key>
			<wp:meta_value><![CDATA[84.113.200.41]]></wp:meta_value>
		</wp:postmeta>
		<wp:postmeta>
			<wp:meta_key>_bbp_forum_id</wp:meta_key>
			<wp:meta_value><![CDATA[3]]></wp:meta_value>
		</wp:postmeta>
		<wp:postmeta>
			<wp:meta_key>_bbp_topic_id</wp:meta_key>
			<wp:meta_value><![CDATA[4]]></wp:meta_value>
		</wp:postmeta>
		<wp:postmeta>
			<wp:meta_key>_bbp_voice_count</wp:meta_key>
			<wp:meta_value><![CDATA[1]]></wp:meta_value>
		</wp:postmeta>
		<wp:postmeta>
			<wp:meta_key>_bbp_reply_count</wp:meta_key>
			<wp:meta_value><![CDATA[1]]></wp:meta_value>
		</wp:postmeta>
		<wp:postmeta>
			<wp:meta_key>_bbp_reply_count_hidden</wp:meta_key>
			<wp:meta_value><![CDATA[0]]></wp:meta_value>
		</wp:postmeta>
		<wp:postmeta>
			<wp:meta_key>_bbp_last_reply_id</wp:meta_key>
			<wp:meta_value><![CDATA[5]]></wp:meta_value>
		</wp:postmeta>
		<wp:postmeta>
			<wp:meta_key>_bbp_last_active_id</wp:meta_key>
			<wp:meta_value><![CDATA[4]]></wp:meta_value>
		</wp:postmeta>
		<wp:postmeta>
			<wp:meta_key>_bbp_last_active_time</wp:meta_key>
			<wp:meta_value><![CDATA[2015-11-04 20:01:40]]></wp:meta_value>
		</wp:postmeta>
	</item>
	<item>
		<title>Re: Hello World!</title>
		<link>http://www.kriesi.at/themes/enfold-landing-page/forums/reply/re-hello-world/</link>
		<pubDate>Wed, 04 Nov 2015 20:01:40 +0000</pubDate>
		<dc:creator><![CDATA[Kriesi]]></dc:creator>
		<guid isPermaLink="false">http://www.kriesi.at/themes/enfold-landing-page/forums/reply/re-hello-world/</guid>
		<description></description>
		<content:encoded><![CDATA[Oh, and this is what a reply looks like.]]></content:encoded>
		<excerpt:encoded><![CDATA[]]></excerpt:encoded>
		<wp:post_id>5</wp:post_id>
		<wp:post_date>2015-11-04 20:01:40</wp:post_date>
		<wp:post_date_gmt>2015-11-04 20:01:40</wp:post_date_gmt>
		<wp:comment_status>closed</wp:comment_status>
		<wp:ping_status>closed</wp:ping_status>
		<wp:post_name>re-hello-world</wp:post_name>
		<wp:status>publish</wp:status>
		<wp:post_parent>4</wp:post_parent>
		<wp:menu_order>0</wp:menu_order>
		<wp:post_type>reply</wp:post_type>
		<wp:post_password></wp:post_password>
		<wp:is_sticky>0</wp:is_sticky>
		<wp:postmeta>
			<wp:meta_key>_bbp_author_ip</wp:meta_key>
			<wp:meta_value><![CDATA[84.113.200.41]]></wp:meta_value>
		</wp:postmeta>
		<wp:postmeta>
			<wp:meta_key>_bbp_forum_id</wp:meta_key>
			<wp:meta_value><![CDATA[3]]></wp:meta_value>
		</wp:postmeta>
		<wp:postmeta>
			<wp:meta_key>_bbp_topic_id</wp:meta_key>
			<wp:meta_value><![CDATA[4]]></wp:meta_value>
		</wp:postmeta>
	</item>
	<item>
		<title>Landing Page</title>
		<link>http://www.kriesi.at/themes/enfold-landing-page/landing-page/</link>
		<pubDate>Mon, 26 Oct 2015 13:10:58 +0000</pubDate>
		<dc:creator><![CDATA[Kriesi]]></dc:creator>
		<guid isPermaLink="false">http://test.kriesi.at/product-signup/?page_id=2</guid>
		<description></description>
		<content:encoded><![CDATA[[av_section min_height='100' min_height_px='500px' padding='default' shadow='no-shadow' bottom_border='no-border-styling' scroll_down='aviaTBscroll_down' id='sign-up' color='main_color' custom_bg='' src='http://www.kriesi.at/themes/enfold-landing-page/files/2015/10/park-place.png' attachment='133' attachment_size='full' attach='parallax' position='center center' repeat='stretch' video='' video_ratio='16:9' overlay_opacity='0.7' overlay_color='#6a9fd5' overlay_pattern='' overlay_custom_pattern='']
[av_three_fifth first min_height='av-equal-height-column' vertical_alignment='av-align-bottom' space='no_margin' margin='0px' margin_sync='true' padding='0px' padding_sync='true' border='' border_color='' radius='0px' radius_sync='true' background_color='' src='' attachment='' attachment_size='' background_position='top left' background_repeat='no-repeat' animation='left-to-right']

[av_image src='http://www.kriesi.at/themes/enfold-landing-page/files/2015/10/snacks1_blur.png' attachment='164' attachment_size='full' align='center' styling='no-styling' hover='' link='' target='' caption='' font_size='' appearance='' overlay_opacity='0.4' overlay_color='#000000' overlay_text_color='#ffffff' animation='no-animation'][/av_image]

[/av_three_fifth][av_two_fifth min_height='av-equal-height-column' vertical_alignment='av-align-bottom' space='' margin='0px' margin_sync='true' padding='20px' padding_sync='true' border='' border_color='' radius='3px' radius_sync='true' background_color='rgba(0,0,0,0.4)' src='' attachment='' attachment_size='' background_position='top left' background_repeat='no-repeat' animation='right-to-left']

[av_image src='http://www.kriesi.at/themes/enfold-landing-page/files/2015/10/logo_landing-page1.png' attachment='31' attachment_size='full' align='center' styling='no-styling' hover='' link='' target='' caption='' font_size='' appearance='' overlay_opacity='0.4' overlay_color='#000000' overlay_text_color='#ffffff' animation='top-to-bottom'][/av_image]

[av_heading tag='h2' padding='0' heading='By far the easiest and best way to <strong>launch a product or service</strong>' color='custom-color-heading' style='blockquote modern-quote modern-centered' custom_font='#ffffff' size='28' subheading_active='' subheading_size='15' custom_class=''][/av_heading]

[av_hr class='custom' height='50' shadow='no-shadow' position='center' custom_border='av-border-fat' custom_width='50px' custom_border_color='' custom_margin_top='30px' custom_margin_bottom='30px' icon_select='no' custom_icon_color='' icon='ue808' font='entypo-fontello']

[av_contact email='' title='' button='Sign up' on_send='' sent='Thanks for registering! Your Beta invitation will be sent to the email address you provided.' link='manually,http://' subject='' autorespond='' captcha='' hide_labels='aviaTBhide_labels' form_align='' color='av-custom-form-color av-light-form']
[av_contact_field label='E-Mail' type='text' options='' check='is_email' width='element_two_third' multi_select=''][/av_contact_field]
[/av_contact]

[/av_two_fifth]
[/av_section]

[av_layout_row border='' min_height='0' color='main_color' mobile='av-flex-cells' id='features']
[av_cell_two_fifth vertical_align='middle' padding='30px' padding_sync='true' background_color='' src='' attachment='' attachment_size='' background_attachment='scroll' background_position='top left' background_repeat='no-repeat']

[av_one_full first min_height='' vertical_alignment='av-align-top' space='' margin='0px' margin_sync='true' padding='0px' padding_sync='true' border='' border_color='' radius='0px' radius_sync='true' background_color='' src='' attachment='' attachment_size='' background_position='top left' background_repeat='no-repeat' animation='pop-up']

[av_icon_box position='right_content' boxed='av-no-box' icon='ue806' font='entypo-fontello' title='Great Taste' link='' linktarget='' linkelement='' font_color='' custom_title='' custom_content='' color='' custom_bg='' custom_font='' custom_border='']
Lorem ipsum dolor sit amet, consectetuer adipiscing elit. Aenean commodo ligula eget dolor.
[/av_icon_box]

[/av_one_full][av_one_full first min_height='' vertical_alignment='av-align-top' space='' margin='0px' margin_sync='true' padding='0px' padding_sync='true' border='' border_color='' radius='0px' radius_sync='true' background_color='' src='' attachment='' attachment_size='' background_position='top left' background_repeat='no-repeat' animation='pop-up']

[av_icon_box position='right_content' boxed='av-no-box' icon='ue891' font='entypo-fontello' title='Easy Recycling' link='' linktarget='' linkelement='' font_color='' custom_title='' custom_content='' color='' custom_bg='' custom_font='' custom_border='']
Donec quam felis, ultricies nec, pellentesque eu, pretium quis, sem. Nulla consequat massa quis enim.
[/av_icon_box]

[/av_one_full][av_one_full first min_height='' vertical_alignment='av-align-top' space='' margin='0px' margin_sync='true' padding='0px' padding_sync='true' border='' border_color='' radius='0px' radius_sync='true' background_color='' src='' attachment='' attachment_size='' background_position='top left' background_repeat='no-repeat' animation='pop-up']

[av_icon_box position='right_content' boxed='av-no-box' icon='ue8cf' font='entypo-fontello' title='Easy Payment' link='' linktarget='' linkelement='' font_color='' custom_title='' custom_content='' color='' custom_bg='' custom_font='' custom_border='']
Donec pede justo, fringilla vel, aliquet nec, vulputate eget, arcu. In enim justordiet a, venenatis vitae, justo.
[/av_icon_box]

[/av_one_full][/av_cell_two_fifth][av_cell_one_fifth vertical_align='bottom' padding='40px,0px,0px,0px' background_color='' src='' attachment='' attachment_size='' background_attachment='scroll' background_position='top left' background_repeat='no-repeat']

[av_image src='http://www.kriesi.at/themes/enfold-landing-page/files/2015/10/snacks_single_blue.png' attachment='159' attachment_size='full' align='center' styling='' hover='' link='' target='' caption='' font_size='' appearance='' overlay_opacity='0.4' overlay_color='#000000' overlay_text_color='#ffffff' animation='pop-up'][/av_image]

[/av_cell_one_fifth][av_cell_two_fifth vertical_align='middle' padding='30px' padding_sync='true' background_color='' src='' attachment='' attachment_size='' background_attachment='scroll' background_position='top left' background_repeat='no-repeat']

[av_one_full first min_height='' vertical_alignment='av-align-top' space='' margin='0px' margin_sync='true' padding='0px' padding_sync='true' border='' border_color='' radius='0px' radius_sync='true' background_color='' src='' attachment='' attachment_size='' background_position='top left' background_repeat='no-repeat' animation='pop-up']

[av_icon_box position='left_content' boxed='av-no-box' icon='ue8d3' font='entypo-fontello' title='Multiple Flavors' link='' linktarget='' linkelement='' font_color='' custom_title='' custom_content='' color='' custom_bg='' custom_font='' custom_border='']
Lorem ipsum dolor sit amet, consectetuer adipiscing elit. Aenean commodo ligula eget dolor.
[/av_icon_box]

[/av_one_full][av_one_full first min_height='' vertical_alignment='av-align-top' space='' margin='0px' margin_sync='true' padding='0px' padding_sync='true' border='' border_color='' radius='0px' radius_sync='true' background_color='' src='' attachment='' attachment_size='' background_position='top left' background_repeat='no-repeat' animation='pop-up']

[av_icon_box position='left_content' boxed='av-no-box' icon='ue8cd' font='entypo-fontello' title='Mostly Water' link='' linktarget='' linkelement='' font_color='' custom_title='' custom_content='' color='' custom_bg='' custom_font='' custom_border='']
Donec quam felis, ultricies nec, pellentesque eu, pretium quis, sem. Nulla consequat massa quis enim.
[/av_icon_box]

[/av_one_full][av_one_full first min_height='' vertical_alignment='av-align-top' space='' margin='0px' margin_sync='true' padding='0px' padding_sync='true' border='' border_color='' radius='0px' radius_sync='true' background_color='' src='' attachment='' attachment_size='' background_position='top left' background_repeat='no-repeat' animation='pop-up']

[av_icon_box position='left_content' boxed='av-no-box' icon='ue80a' font='entypo-fontello' title='Helps your body' link='' linktarget='' linkelement='' font_color='' custom_title='' custom_content='' color='' custom_bg='' custom_font='' custom_border='']
Donec pede justo, fringilla vel, aliquet nec, vulputate eget, arcu. In enim justordiet a, venenatis vitae, justo.
[/av_icon_box]

[/av_one_full][/av_cell_two_fifth]
[/av_layout_row]

[av_section min_height='' min_height_px='500px' padding='huge' shadow='no-border-styling' bottom_border='border-extra-arrow-down' id='customers' color='alternate_color' custom_bg='' src='' attachment='' attachment_size='' attach='scroll' position='center right' repeat='stretch' video='' video_ratio='16:9' overlay_opacity='0.5' overlay_color='' overlay_pattern='' overlay_custom_pattern='']
[av_heading tag='h2' padding='0' heading='What our customers say' color='' style='blockquote modern-quote modern-centered' custom_font='' size='35' subheading_active='' subheading_size='15' custom_class=''][/av_heading]

[av_hr class='custom' height='50' shadow='no-shadow' position='center' custom_border='av-border-fat' custom_width='50px' custom_border_color='' custom_margin_top='30px' custom_margin_bottom='30px' icon_select='no' custom_icon_color='' icon='ue808' font='entypo-fontello']

[av_testimonials style='slider_large' columns='2' interval='10' font_color='' custom_title='' custom_content='']
[av_testimonial_single src='168' name='Maci Mulsta' subtitle='CEO' link='#' linktext='Supra Media']
Lorem ipsum dolor sit amet, consectetuer adipiscing elit. Aenean commodo ligula eget dolor. Aenean massa. Cum sociis natoque penatibus et magnis dis parturient montes, nascetur ridiculus mus.
[/av_testimonial_single]
[av_testimonial_single src='169' name='Sandra Funk' subtitle='Designer' link='#' linktext='Acomp']
Donec pede justo, fringilla vel, aliquet nec, vulputate eget, arcu. In enim justo, rhoncus ut, imperdiet a, venenatis vitae, justo. Nullam dictum felis eu pede mollis pretium. Integer tincidunt.
[/av_testimonial_single]
[/av_testimonials]
[/av_section]

[av_section min_height='' min_height_px='500px' padding='huge' shadow='no-border-styling' bottom_border='no-border-styling' id='pricing' color='main_color' custom_bg='' src='http://www.kriesi.at/themes/enfold-landing-page/files/2015/10/park-place.png' attachment='133' attachment_size='full' attach='parallax' position='center center' repeat='stretch' video='' video_ratio='16:9' overlay_enable='aviaTBoverlay_enable' overlay_opacity='0.5' overlay_color='#576270' overlay_pattern='' overlay_custom_pattern='']
[av_heading tag='h2' padding='0' heading='Fair pricing. No hidden costs. Cancel anytime' color='custom-color-heading' style='blockquote modern-quote modern-centered' custom_font='#ffffff' size='35' subheading_active='' subheading_size='15' custom_class=''][/av_heading]

[av_hr class='custom' height='50' shadow='no-shadow' position='center' custom_border='av-border-fat' custom_width='50px' custom_border_color='' custom_margin_top='30px' custom_margin_bottom='30px' icon_select='no' custom_icon_color='' icon='ue808' font='entypo-fontello']

[av_one_fifth first min_height='av-equal-height-column' vertical_alignment='av-align-middle' space='' margin='0px' margin_sync='true' padding='0px' padding_sync='true' border='' border_color='' radius='0px' radius_sync='true' background_color='' src='' attachment='' attachment_size='' background_position='top left' background_repeat='no-repeat' animation='pop-up']

[/av_one_fifth][av_three_fifth min_height='' vertical_alignment='' space='' custom_margin='' margin='0px' padding='0px' border='' border_color='' radius='0px' background_color='' src='' background_position='top left' background_repeat='no-repeat' animation='']

[av_table purpose='pricing' pricing_table_design='avia_pricing_minimal' pricing_hidden_cells='' caption='' responsive_styling='avia_responsive_table']
[av_row row_style='avia-heading-row'][av_cell col_style='']Basic Package[/av_cell][av_cell col_style='']Full Package[/av_cell][/av_row]
[av_row row_style='avia-pricing-row'][av_cell col_style='']12$<small>per month</small>[/av_cell][av_cell col_style='']24$<small>per month</small>[/av_cell][/av_row]
[av_row row_style=''][av_cell col_style='']1 shipment each week[/av_cell][av_cell col_style='']2 shipments each week[/av_cell][/av_row]
[av_row row_style=''][av_cell col_style='']1 drink included[/av_cell][av_cell col_style='']5 drinks included[/av_cell][/av_row]
[av_row row_style=''][av_cell col_style='']no support[/av_cell][av_cell col_style='']free support[/av_cell][/av_row]
[av_row row_style='avia-button-row'][av_cell col_style=''][av_button label='Subscribe now' link='manually,#sign-up' link_target='' size='medium' position='center' icon_select='no' icon='ue800' font='entypo-fontello' color='theme-color' custom_bg='#444444' custom_font='#ffffff']

[/av_cell][av_cell col_style=''][av_button label='Subscribe now' link='manually,#sign-up' link_target='' size='medium' position='center' icon_select='no' icon='ue800' font='entypo-fontello' color='theme-color' custom_bg='#444444' custom_font='#ffffff']

[/av_cell][/av_row]
[/av_table]

[/av_three_fifth][av_one_fifth min_height='' vertical_alignment='av-align-top' space='' margin='0px' margin_sync='true' padding='0px' padding_sync='true' border='' border_color='' radius='0px' radius_sync='true' background_color='' src='' attachment='' attachment_size='' background_position='top left' background_repeat='no-repeat' animation='pop-up']

[/av_one_fifth]
[/av_section]

[av_section min_height='' min_height_px='500px' padding='huge' shadow='no-border-styling' bottom_border='border-extra-arrow-down' id='faq' color='main_color' custom_bg='' src='' attachment='' attachment_size='' attach='scroll' position='top left' repeat='no-repeat' video='' video_ratio='16:9' overlay_opacity='0.5' overlay_color='' overlay_pattern='' overlay_custom_pattern='']

[av_heading tag='h2' padding='0' heading='Frequently asked questions' color='' style='blockquote modern-quote modern-centered' custom_font='' size='35' subheading_active='' subheading_size='15' custom_class=''][/av_heading]

[av_hr class='custom' height='50' shadow='no-shadow' position='center' custom_border='av-border-fat' custom_width='50px' custom_border_color='' custom_margin_top='30px' custom_margin_bottom='30px' icon_select='no' custom_icon_color='' icon='ue808' font='entypo-fontello']

[av_one_half first min_height='' vertical_alignment='av-align-top' space='' margin='0px' margin_sync='true' padding='0px' padding_sync='true' border='' border_color='' radius='0px' radius_sync='true' background_color='' src='' attachment='' attachment_size='' background_position='top left' background_repeat='no-repeat' animation='pop-up']

[av_heading tag='h3' padding='10' heading='How does the beta trial work?' color='' style='blockquote modern-quote' custom_font='' size='' subheading_active='' subheading_size='15' custom_class=''][/av_heading]

[av_textblock size='14' font_color='' color='']
Lorem ipsum dolor sit amet, consectetuer adipiscing elit. Aenean commodo ligula eget dolor. Aenean massa. Cum sociis natoque penatibus et magnis <a href="#">dis parturient</a> montes, nascetur ridiculus mus.
[/av_textblock]

[/av_one_half][av_one_half min_height='' vertical_alignment='av-align-top' space='' margin='0px' margin_sync='true' padding='0px' padding_sync='true' border='' border_color='' radius='0px' radius_sync='true' background_color='' src='' attachment='' attachment_size='' background_position='top left' background_repeat='no-repeat' animation='pop-up']

[av_heading tag='h3' padding='10' heading='Can I change plans later?' color='' style='blockquote modern-quote' custom_font='' size='' subheading_active='' subheading_size='15' custom_class=''][/av_heading]

[av_textblock size='14' font_color='' color='']
Donec pede justo, fringilla vel, aliquet nec, vulputate eget, arcu. In enim justo, rhoncus ut, imperdiet a, venenatis vitae, justo. Nullam dictum felis eu pede mollis <strong>pretium</strong>. Integer tincidunt.
[/av_textblock]

[/av_one_half][av_one_half first min_height='' vertical_alignment='av-align-top' space='' margin='0px' margin_sync='true' padding='0px' padding_sync='true' border='' border_color='' radius='0px' radius_sync='true' background_color='' src='' attachment='' attachment_size='' background_position='top left' background_repeat='no-repeat' animation='pop-up']

[av_heading tag='h3' padding='10' heading='How do you handle delivery?' color='' style='blockquote modern-quote' custom_font='' size='' subheading_active='' subheading_size='15' custom_class=''][/av_heading]

[av_textblock size='14' font_color='' color='']
Cras dapibus. Vivamus elementum semper nisi. Aenean vulputate eleifend tellus. Aenean leo ligula, porttitor eu, consequat vitae, eleifend ac, enim. <strong>Aliquam lorem</strong> ante, dapibus in, viverra quis, feugiat a, tellus.
[/av_textblock]

[/av_one_half][av_one_half min_height='' vertical_alignment='av-align-top' space='' margin='0px' margin_sync='true' padding='0px' padding_sync='true' border='' border_color='' radius='0px' radius_sync='true' background_color='' src='' attachment='' attachment_size='' background_position='top left' background_repeat='no-repeat' animation='pop-up']

[av_heading tag='h3' padding='10' heading='Which payment options do I have?' color='' style='blockquote modern-quote' custom_font='' size='' subheading_active='' subheading_size='15' custom_class=''][/av_heading]

[av_textblock size='14' font_color='' color='']
Donec quam felis, ultricies nec, pellentesque eu, pretium quis, sem. Nulla consequat massa quis enim. In enim justo, rhoncus ut, imperdiet a, venenatis vitae, justo. Nullam dictum felis eu pede mollis pretium. Integer tincidunt.
[/av_textblock]

[/av_one_half][/av_section][av_button_big label='Sign Up Now' description_pos='below' link='manually,#sign-up' link_target='' icon_select='yes-left-icon' icon_hover='aviaTBicon_hover' icon='ue805' font='entypo-fontello' custom_font='#ffffff' color='custom' custom_bg='#576270' color_hover='custom' custom_bg_hover='#f4ca86']
And get access to our early beta!
[/av_button_big]]]></content:encoded>
		<excerpt:encoded><![CDATA[]]></excerpt:encoded>
		<wp:post_id>12</wp:post_id>
		<wp:post_date>2015-10-26 13:10:58</wp:post_date>
		<wp:post_date_gmt>2015-10-26 13:10:58</wp:post_date_gmt>
		<wp:comment_status>closed</wp:comment_status>
		<wp:ping_status>closed</wp:ping_status>
		<wp:post_name>landing-page</wp:post_name>
		<wp:status>publish</wp:status>
		<wp:post_parent>0</wp:post_parent>
		<wp:menu_order>0</wp:menu_order>
		<wp:post_type>page</wp:post_type>
		<wp:post_password></wp:post_password>
		<wp:is_sticky>0</wp:is_sticky>
		<wp:postmeta>
			<wp:meta_key>_wp_page_template</wp:meta_key>
			<wp:meta_value><![CDATA[default]]></wp:meta_value>
		</wp:postmeta>
		<wp:postmeta>
			<wp:meta_key>_aviaLayoutBuilder_active</wp:meta_key>
			<wp:meta_value><![CDATA[active]]></wp:meta_value>
		</wp:postmeta>
		<wp:postmeta>
			<wp:meta_key>_aviaLayoutBuilderCleanData</wp:meta_key>
			<wp:meta_value><![CDATA[[av_section min_height='100' min_height_px='500px' padding='default' shadow='no-shadow' bottom_border='no-border-styling' scroll_down='aviaTBscroll_down' id='sign-up' color='main_color' custom_bg='' src='http://test.kriesi.at/product-signup/wp-content/uploads/sites/8/2015/10/park-place.png' attachment='133' attachment_size='full' attach='parallax' position='center center' repeat='stretch' video='' video_ratio='16:9' overlay_opacity='0.7' overlay_color='#6a9fd5' overlay_pattern='' overlay_custom_pattern='']
[av_three_fifth first min_height='av-equal-height-column' vertical_alignment='av-align-bottom' space='no_margin' margin='0px' margin_sync='true' padding='0px' padding_sync='true' border='' border_color='' radius='0px' radius_sync='true' background_color='' src='' attachment='' attachment_size='' background_position='top left' background_repeat='no-repeat' animation='left-to-right']

[av_image src='http://test.kriesi.at/product-signup/wp-content/uploads/sites/8/2015/10/snacks1_blur.png' attachment='164' attachment_size='full' align='center' styling='no-styling' hover='' link='' target='' caption='' font_size='' appearance='' overlay_opacity='0.4' overlay_color='#000000' overlay_text_color='#ffffff' animation='no-animation'][/av_image]

[/av_three_fifth][av_two_fifth min_height='av-equal-height-column' vertical_alignment='av-align-bottom' space='' margin='0px' margin_sync='true' padding='20px' padding_sync='true' border='' border_color='' radius='3px' radius_sync='true' background_color='rgba(0,0,0,0.4)' src='' attachment='' attachment_size='' background_position='top left' background_repeat='no-repeat' animation='right-to-left']

[av_image src='http://test.kriesi.at/product-signup/wp-content/uploads/sites/8/2015/10/logo_landing-page1.png' attachment='31' attachment_size='full' align='center' styling='no-styling' hover='' link='' target='' caption='' font_size='' appearance='' overlay_opacity='0.4' overlay_color='#000000' overlay_text_color='#ffffff' animation='top-to-bottom'][/av_image]

[av_heading tag='h2' padding='0' heading='By far the easiest and best way to <strong>launch a product or service</strong>' color='custom-color-heading' style='blockquote modern-quote modern-centered' custom_font='#ffffff' size='28' subheading_active='' subheading_size='15' custom_class=''][/av_heading]

[av_hr class='custom' height='50' shadow='no-shadow' position='center' custom_border='av-border-fat' custom_width='50px' custom_border_color='' custom_margin_top='30px' custom_margin_bottom='30px' icon_select='no' custom_icon_color='' icon='ue808' font='entypo-fontello']

[av_contact email='' title='' button='Sign up' on_send='' sent='Thanks for registering! Your Beta invitation will be sent to the email address you provided.' link='manually,http://' subject='' autorespond='' captcha='' hide_labels='aviaTBhide_labels' form_align='' color='av-custom-form-color av-light-form']
[av_contact_field label='E-Mail' type='text' options='' check='is_email' width='element_two_third' multi_select=''][/av_contact_field]
[/av_contact]

[/av_two_fifth]
[/av_section]

[av_layout_row border='' min_height='0' color='main_color' mobile='av-flex-cells' id='features']
[av_cell_two_fifth vertical_align='middle' padding='30px' padding_sync='true' background_color='' src='' attachment='' attachment_size='' background_attachment='scroll' background_position='top left' background_repeat='no-repeat']

[av_one_full first min_height='' vertical_alignment='av-align-top' space='' margin='0px' margin_sync='true' padding='0px' padding_sync='true' border='' border_color='' radius='0px' radius_sync='true' background_color='' src='' attachment='' attachment_size='' background_position='top left' background_repeat='no-repeat' animation='pop-up']

[av_icon_box position='right_content' boxed='av-no-box' icon='ue806' font='entypo-fontello' title='Great Taste' link='' linktarget='' linkelement='' font_color='' custom_title='' custom_content='' color='' custom_bg='' custom_font='' custom_border='']
Lorem ipsum dolor sit amet, consectetuer adipiscing elit. Aenean commodo ligula eget dolor.
[/av_icon_box]

[/av_one_full][av_one_full first min_height='' vertical_alignment='av-align-top' space='' margin='0px' margin_sync='true' padding='0px' padding_sync='true' border='' border_color='' radius='0px' radius_sync='true' background_color='' src='' attachment='' attachment_size='' background_position='top left' background_repeat='no-repeat' animation='pop-up']

[av_icon_box position='right_content' boxed='av-no-box' icon='ue891' font='entypo-fontello' title='Easy Recycling' link='' linktarget='' linkelement='' font_color='' custom_title='' custom_content='' color='' custom_bg='' custom_font='' custom_border='']
Donec quam felis, ultricies nec, pellentesque eu, pretium quis, sem. Nulla consequat massa quis enim.
[/av_icon_box]

[/av_one_full][av_one_full first min_height='' vertical_alignment='av-align-top' space='' margin='0px' margin_sync='true' padding='0px' padding_sync='true' border='' border_color='' radius='0px' radius_sync='true' background_color='' src='' attachment='' attachment_size='' background_position='top left' background_repeat='no-repeat' animation='pop-up']

[av_icon_box position='right_content' boxed='av-no-box' icon='ue8cf' font='entypo-fontello' title='Easy Payment' link='' linktarget='' linkelement='' font_color='' custom_title='' custom_content='' color='' custom_bg='' custom_font='' custom_border='']
Donec pede justo, fringilla vel, aliquet nec, vulputate eget, arcu. In enim justordiet a, venenatis vitae, justo.
[/av_icon_box]

[/av_one_full][/av_cell_two_fifth][av_cell_one_fifth vertical_align='bottom' padding='40px,0px,0px,0px' background_color='' src='' attachment='' attachment_size='' background_attachment='scroll' background_position='top left' background_repeat='no-repeat']

[av_image src='http://test.kriesi.at/product-signup/wp-content/uploads/sites/8/2015/10/snacks_single_blue.png' attachment='159' attachment_size='full' align='center' styling='' hover='' link='' target='' caption='' font_size='' appearance='' overlay_opacity='0.4' overlay_color='#000000' overlay_text_color='#ffffff' animation='pop-up'][/av_image]

[/av_cell_one_fifth][av_cell_two_fifth vertical_align='middle' padding='30px' padding_sync='true' background_color='' src='' attachment='' attachment_size='' background_attachment='scroll' background_position='top left' background_repeat='no-repeat']

[av_one_full first min_height='' vertical_alignment='av-align-top' space='' margin='0px' margin_sync='true' padding='0px' padding_sync='true' border='' border_color='' radius='0px' radius_sync='true' background_color='' src='' attachment='' attachment_size='' background_position='top left' background_repeat='no-repeat' animation='pop-up']

[av_icon_box position='left_content' boxed='av-no-box' icon='ue8d3' font='entypo-fontello' title='Multiple Flavors' link='' linktarget='' linkelement='' font_color='' custom_title='' custom_content='' color='' custom_bg='' custom_font='' custom_border='']
Lorem ipsum dolor sit amet, consectetuer adipiscing elit. Aenean commodo ligula eget dolor.
[/av_icon_box]

[/av_one_full][av_one_full first min_height='' vertical_alignment='av-align-top' space='' margin='0px' margin_sync='true' padding='0px' padding_sync='true' border='' border_color='' radius='0px' radius_sync='true' background_color='' src='' attachment='' attachment_size='' background_position='top left' background_repeat='no-repeat' animation='pop-up']

[av_icon_box position='left_content' boxed='av-no-box' icon='ue8cd' font='entypo-fontello' title='Mostly Water' link='' linktarget='' linkelement='' font_color='' custom_title='' custom_content='' color='' custom_bg='' custom_font='' custom_border='']
Donec quam felis, ultricies nec, pellentesque eu, pretium quis, sem. Nulla consequat massa quis enim.
[/av_icon_box]

[/av_one_full][av_one_full first min_height='' vertical_alignment='av-align-top' space='' margin='0px' margin_sync='true' padding='0px' padding_sync='true' border='' border_color='' radius='0px' radius_sync='true' background_color='' src='' attachment='' attachment_size='' background_position='top left' background_repeat='no-repeat' animation='pop-up']

[av_icon_box position='left_content' boxed='av-no-box' icon='ue80a' font='entypo-fontello' title='Helps your body' link='' linktarget='' linkelement='' font_color='' custom_title='' custom_content='' color='' custom_bg='' custom_font='' custom_border='']
Donec pede justo, fringilla vel, aliquet nec, vulputate eget, arcu. In enim justordiet a, venenatis vitae, justo.
[/av_icon_box]

[/av_one_full][/av_cell_two_fifth]
[/av_layout_row]

[av_section min_height='' min_height_px='500px' padding='huge' shadow='no-border-styling' bottom_border='border-extra-arrow-down' id='customers' color='alternate_color' custom_bg='' src='' attachment='' attachment_size='' attach='scroll' position='center right' repeat='stretch' video='' video_ratio='16:9' overlay_opacity='0.5' overlay_color='' overlay_pattern='' overlay_custom_pattern='']
[av_heading tag='h2' padding='0' heading='What our customers say' color='' style='blockquote modern-quote modern-centered' custom_font='' size='35' subheading_active='' subheading_size='15' custom_class=''][/av_heading]

[av_hr class='custom' height='50' shadow='no-shadow' position='center' custom_border='av-border-fat' custom_width='50px' custom_border_color='' custom_margin_top='30px' custom_margin_bottom='30px' icon_select='no' custom_icon_color='' icon='ue808' font='entypo-fontello']

[av_testimonials style='slider_large' columns='2' interval='10' font_color='' custom_title='' custom_content='']
[av_testimonial_single src='168' name='Maci Mulsta' subtitle='CEO' link='#' linktext='Supra Media']
Lorem ipsum dolor sit amet, consectetuer adipiscing elit. Aenean commodo ligula eget dolor. Aenean massa. Cum sociis natoque penatibus et magnis dis parturient montes, nascetur ridiculus mus.
[/av_testimonial_single]
[av_testimonial_single src='169' name='Sandra Funk' subtitle='Designer' link='#' linktext='Acomp']
Donec pede justo, fringilla vel, aliquet nec, vulputate eget, arcu. In enim justo, rhoncus ut, imperdiet a, venenatis vitae, justo. Nullam dictum felis eu pede mollis pretium. Integer tincidunt.
[/av_testimonial_single]
[/av_testimonials]
[/av_section]

[av_section min_height='' min_height_px='500px' padding='huge' shadow='no-border-styling' bottom_border='no-border-styling' id='pricing' color='main_color' custom_bg='' src='http://test.kriesi.at/product-signup/wp-content/uploads/sites/8/2015/10/park-place.png' attachment='133' attachment_size='full' attach='parallax' position='center center' repeat='stretch' video='' video_ratio='16:9' overlay_enable='aviaTBoverlay_enable' overlay_opacity='0.5' overlay_color='#576270' overlay_pattern='' overlay_custom_pattern='']
[av_heading tag='h2' padding='0' heading='Fair pricing. No hidden costs. Cancel anytime' color='custom-color-heading' style='blockquote modern-quote modern-centered' custom_font='#ffffff' size='35' subheading_active='' subheading_size='15' custom_class=''][/av_heading]

[av_hr class='custom' height='50' shadow='no-shadow' position='center' custom_border='av-border-fat' custom_width='50px' custom_border_color='' custom_margin_top='30px' custom_margin_bottom='30px' icon_select='no' custom_icon_color='' icon='ue808' font='entypo-fontello']

[av_one_fifth first min_height='av-equal-height-column' vertical_alignment='av-align-middle' space='' margin='0px' margin_sync='true' padding='0px' padding_sync='true' border='' border_color='' radius='0px' radius_sync='true' background_color='' src='' attachment='' attachment_size='' background_position='top left' background_repeat='no-repeat' animation='pop-up']

[/av_one_fifth][av_three_fifth min_height='' vertical_alignment='' space='' custom_margin='' margin='0px' padding='0px' border='' border_color='' radius='0px' background_color='' src='' background_position='top left' background_repeat='no-repeat' animation='']

[av_table purpose='pricing' pricing_table_design='avia_pricing_minimal' pricing_hidden_cells='' caption='' responsive_styling='avia_responsive_table']
[av_row row_style='avia-heading-row'][av_cell col_style='']Basic Package[/av_cell][av_cell col_style='']Full Package[/av_cell][/av_row]
[av_row row_style='avia-pricing-row'][av_cell col_style='']12$<small>per month</small>[/av_cell][av_cell col_style='']24$<small>per month</small>[/av_cell][/av_row]
[av_row row_style=''][av_cell col_style='']1 shipment each week[/av_cell][av_cell col_style='']2 shipments each week[/av_cell][/av_row]
[av_row row_style=''][av_cell col_style='']1 drink included[/av_cell][av_cell col_style='']5 drinks included[/av_cell][/av_row]
[av_row row_style=''][av_cell col_style='']no support[/av_cell][av_cell col_style='']free support[/av_cell][/av_row]
[av_row row_style='avia-button-row'][av_cell col_style=''][av_button label='Subscribe now' link='manually,#sign-up' link_target='' size='medium' position='center' icon_select='no' icon='ue800' font='entypo-fontello' color='theme-color' custom_bg='#444444' custom_font='#ffffff']

[/av_cell][av_cell col_style=''][av_button label='Subscribe now' link='manually,#sign-up' link_target='' size='medium' position='center' icon_select='no' icon='ue800' font='entypo-fontello' color='theme-color' custom_bg='#444444' custom_font='#ffffff']

[/av_cell][/av_row]
[/av_table]

[/av_three_fifth][av_one_fifth min_height='' vertical_alignment='av-align-top' space='' margin='0px' margin_sync='true' padding='0px' padding_sync='true' border='' border_color='' radius='0px' radius_sync='true' background_color='' src='' attachment='' attachment_size='' background_position='top left' background_repeat='no-repeat' animation='pop-up']

[/av_one_fifth]
[/av_section]

[av_section min_height='' min_height_px='500px' padding='huge' shadow='no-border-styling' bottom_border='border-extra-arrow-down' id='faq' color='main_color' custom_bg='' src='' attachment='' attachment_size='' attach='scroll' position='top left' repeat='no-repeat' video='' video_ratio='16:9' overlay_opacity='0.5' overlay_color='' overlay_pattern='' overlay_custom_pattern='']

[av_heading tag='h2' padding='0' heading='Frequently asked questions' color='' style='blockquote modern-quote modern-centered' custom_font='' size='35' subheading_active='' subheading_size='15' custom_class=''][/av_heading]

[av_hr class='custom' height='50' shadow='no-shadow' position='center' custom_border='av-border-fat' custom_width='50px' custom_border_color='' custom_margin_top='30px' custom_margin_bottom='30px' icon_select='no' custom_icon_color='' icon='ue808' font='entypo-fontello']

[av_one_half first min_height='' vertical_alignment='av-align-top' space='' margin='0px' margin_sync='true' padding='0px' padding_sync='true' border='' border_color='' radius='0px' radius_sync='true' background_color='' src='' attachment='' attachment_size='' background_position='top left' background_repeat='no-repeat' animation='pop-up']

[av_heading tag='h3' padding='10' heading='How does the beta trial work?' color='' style='blockquote modern-quote' custom_font='' size='' subheading_active='' subheading_size='15' custom_class=''][/av_heading]

[av_textblock size='14' font_color='' color='']
Lorem ipsum dolor sit amet, consectetuer adipiscing elit. Aenean commodo ligula eget dolor. Aenean massa. Cum sociis natoque penatibus et magnis <a href="#">dis parturient</a> montes, nascetur ridiculus mus.
[/av_textblock]

[/av_one_half][av_one_half min_height='' vertical_alignment='av-align-top' space='' margin='0px' margin_sync='true' padding='0px' padding_sync='true' border='' border_color='' radius='0px' radius_sync='true' background_color='' src='' attachment='' attachment_size='' background_position='top left' background_repeat='no-repeat' animation='pop-up']

[av_heading tag='h3' padding='10' heading='Can I change plans later?' color='' style='blockquote modern-quote' custom_font='' size='' subheading_active='' subheading_size='15' custom_class=''][/av_heading]

[av_textblock size='14' font_color='' color='']
Donec pede justo, fringilla vel, aliquet nec, vulputate eget, arcu. In enim justo, rhoncus ut, imperdiet a, venenatis vitae, justo. Nullam dictum felis eu pede mollis <strong>pretium</strong>. Integer tincidunt.
[/av_textblock]

[/av_one_half][av_one_half first min_height='' vertical_alignment='av-align-top' space='' margin='0px' margin_sync='true' padding='0px' padding_sync='true' border='' border_color='' radius='0px' radius_sync='true' background_color='' src='' attachment='' attachment_size='' background_position='top left' background_repeat='no-repeat' animation='pop-up']

[av_heading tag='h3' padding='10' heading='How do you handle delivery?' color='' style='blockquote modern-quote' custom_font='' size='' subheading_active='' subheading_size='15' custom_class=''][/av_heading]

[av_textblock size='14' font_color='' color='']
Cras dapibus. Vivamus elementum semper nisi. Aenean vulputate eleifend tellus. Aenean leo ligula, porttitor eu, consequat vitae, eleifend ac, enim. <strong>Aliquam lorem</strong> ante, dapibus in, viverra quis, feugiat a, tellus.
[/av_textblock]

[/av_one_half][av_one_half min_height='' vertical_alignment='av-align-top' space='' margin='0px' margin_sync='true' padding='0px' padding_sync='true' border='' border_color='' radius='0px' radius_sync='true' background_color='' src='' attachment='' attachment_size='' background_position='top left' background_repeat='no-repeat' animation='pop-up']

[av_heading tag='h3' padding='10' heading='Which payment options do I have?' color='' style='blockquote modern-quote' custom_font='' size='' subheading_active='' subheading_size='15' custom_class=''][/av_heading]

[av_textblock size='14' font_color='' color='']
Donec quam felis, ultricies nec, pellentesque eu, pretium quis, sem. Nulla consequat massa quis enim. In enim justo, rhoncus ut, imperdiet a, venenatis vitae, justo. Nullam dictum felis eu pede mollis pretium. Integer tincidunt.
[/av_textblock]

[/av_one_half][/av_section][av_button_big label='Sign Up Now' description_pos='below' link='manually,#sign-up' link_target='' icon_select='yes-left-icon' icon_hover='aviaTBicon_hover' icon='ue805' font='entypo-fontello' custom_font='#ffffff' color='custom' custom_bg='#576270' color_hover='custom' custom_bg_hover='#f4ca86']
And get access to our early beta!
[/av_button_big]

]]></wp:meta_value>
		</wp:postmeta>
		<wp:postmeta>
			<wp:meta_key>layout</wp:meta_key>
			<wp:meta_value><![CDATA[]]></wp:meta_value>
		</wp:postmeta>
		<wp:postmeta>
			<wp:meta_key>sidebar</wp:meta_key>
			<wp:meta_value><![CDATA[]]></wp:meta_value>
		</wp:postmeta>
		<wp:postmeta>
			<wp:meta_key>footer</wp:meta_key>
			<wp:meta_value><![CDATA[]]></wp:meta_value>
		</wp:postmeta>
		<wp:postmeta>
			<wp:meta_key>header_title_bar</wp:meta_key>
			<wp:meta_value><![CDATA[]]></wp:meta_value>
		</wp:postmeta>
		<wp:postmeta>
			<wp:meta_key>header_transparency</wp:meta_key>
			<wp:meta_value><![CDATA[header_transparent header_scrolldown ]]></wp:meta_value>
		</wp:postmeta>
		<wp:postmeta>
			<wp:meta_key>_avia_hide_featured_image</wp:meta_key>
			<wp:meta_value><![CDATA[0]]></wp:meta_value>
		</wp:postmeta>
		<wp:postmeta>
			<wp:meta_key>_avia_builder_shortcode_tree</wp:meta_key>
			<wp:meta_value><![CDATA[a:6:{i:0;a:3:{s:3:"tag";s:10:"av_section";s:7:"content";a:2:{i:0;a:3:{s:3:"tag";s:14:"av_three_fifth";s:7:"content";a:1:{i:0;a:3:{s:3:"tag";s:8:"av_image";s:7:"content";a:0:{}s:5:"index";i:2;}}s:5:"index";i:1;}i:1;a:3:{s:3:"tag";s:12:"av_two_fifth";s:7:"content";a:4:{i:0;a:3:{s:3:"tag";s:8:"av_image";s:7:"content";a:0:{}s:5:"index";i:4;}i:1;a:3:{s:3:"tag";s:10:"av_heading";s:7:"content";a:0:{}s:5:"index";i:5;}i:2;a:3:{s:3:"tag";s:5:"av_hr";s:7:"content";a:0:{}s:5:"index";i:6;}i:3;a:3:{s:3:"tag";s:10:"av_contact";s:7:"content";a:0:{}s:5:"index";i:7;}}s:5:"index";i:3;}}s:5:"index";i:0;}i:1;a:3:{s:3:"tag";s:13:"av_layout_row";s:7:"content";a:3:{i:0;a:3:{s:3:"tag";s:17:"av_cell_two_fifth";s:7:"content";a:3:{i:0;a:3:{s:3:"tag";s:11:"av_one_full";s:7:"content";a:1:{i:0;a:3:{s:3:"tag";s:11:"av_icon_box";s:7:"content";a:0:{}s:5:"index";i:11;}}s:5:"index";i:10;}i:1;a:3:{s:3:"tag";s:11:"av_one_full";s:7:"content";a:1:{i:0;a:3:{s:3:"tag";s:11:"av_icon_box";s:7:"content";a:0:{}s:5:"index";i:13;}}s:5:"index";i:12;}i:2;a:3:{s:3:"tag";s:11:"av_one_full";s:7:"content";a:1:{i:0;a:3:{s:3:"tag";s:11:"av_icon_box";s:7:"content";a:0:{}s:5:"index";i:15;}}s:5:"index";i:14;}}s:5:"index";i:9;}i:1;a:3:{s:3:"tag";s:17:"av_cell_one_fifth";s:7:"content";a:1:{i:0;a:3:{s:3:"tag";s:8:"av_image";s:7:"content";a:0:{}s:5:"index";i:17;}}s:5:"index";i:16;}i:2;a:3:{s:3:"tag";s:17:"av_cell_two_fifth";s:7:"content";a:3:{i:0;a:3:{s:3:"tag";s:11:"av_one_full";s:7:"content";a:1:{i:0;a:3:{s:3:"tag";s:11:"av_icon_box";s:7:"content";a:0:{}s:5:"index";i:20;}}s:5:"index";i:19;}i:1;a:3:{s:3:"tag";s:11:"av_one_full";s:7:"content";a:1:{i:0;a:3:{s:3:"tag";s:11:"av_icon_box";s:7:"content";a:0:{}s:5:"index";i:22;}}s:5:"index";i:21;}i:2;a:3:{s:3:"tag";s:11:"av_one_full";s:7:"content";a:1:{i:0;a:3:{s:3:"tag";s:11:"av_icon_box";s:7:"content";a:0:{}s:5:"index";i:24;}}s:5:"index";i:23;}}s:5:"index";i:18;}}s:5:"index";i:8;}i:2;a:3:{s:3:"tag";s:10:"av_section";s:7:"content";a:3:{i:0;a:3:{s:3:"tag";s:10:"av_heading";s:7:"content";a:0:{}s:5:"index";i:26;}i:1;a:3:{s:3:"tag";s:5:"av_hr";s:7:"content";a:0:{}s:5:"index";i:27;}i:2;a:3:{s:3:"tag";s:15:"av_testimonials";s:7:"content";a:0:{}s:5:"index";i:28;}}s:5:"index";i:25;}i:3;a:3:{s:3:"tag";s:10:"av_section";s:7:"content";a:5:{i:0;a:3:{s:3:"tag";s:10:"av_heading";s:7:"content";a:0:{}s:5:"index";i:30;}i:1;a:3:{s:3:"tag";s:5:"av_hr";s:7:"content";a:0:{}s:5:"index";i:31;}i:2;a:3:{s:3:"tag";s:12:"av_one_fifth";s:7:"content";a:0:{}s:5:"index";i:32;}i:3;a:3:{s:3:"tag";s:14:"av_three_fifth";s:7:"content";a:1:{i:0;a:3:{s:3:"tag";s:8:"av_table";s:7:"content";a:2:{i:0;a:3:{s:3:"tag";s:9:"av_button";s:7:"content";a:0:{}s:5:"index";i:35;}i:1;a:3:{s:3:"tag";s:9:"av_button";s:7:"content";a:0:{}s:5:"index";i:36;}}s:5:"index";i:34;}}s:5:"index";i:33;}i:4;a:3:{s:3:"tag";s:12:"av_one_fifth";s:7:"content";a:0:{}s:5:"index";i:37;}}s:5:"index";i:29;}i:4;a:3:{s:3:"tag";s:10:"av_section";s:7:"content";a:6:{i:0;a:3:{s:3:"tag";s:10:"av_heading";s:7:"content";a:0:{}s:5:"index";i:39;}i:1;a:3:{s:3:"tag";s:5:"av_hr";s:7:"content";a:0:{}s:5:"index";i:40;}i:2;a:3:{s:3:"tag";s:11:"av_one_half";s:7:"content";a:2:{i:0;a:3:{s:3:"tag";s:10:"av_heading";s:7:"content";a:0:{}s:5:"index";i:42;}i:1;a:3:{s:3:"tag";s:12:"av_textblock";s:7:"content";a:0:{}s:5:"index";i:43;}}s:5:"index";i:41;}i:3;a:3:{s:3:"tag";s:11:"av_one_half";s:7:"content";a:2:{i:0;a:3:{s:3:"tag";s:10:"av_heading";s:7:"content";a:0:{}s:5:"index";i:45;}i:1;a:3:{s:3:"tag";s:12:"av_textblock";s:7:"content";a:0:{}s:5:"index";i:46;}}s:5:"index";i:44;}i:4;a:3:{s:3:"tag";s:11:"av_one_half";s:7:"content";a:2:{i:0;a:3:{s:3:"tag";s:10:"av_heading";s:7:"content";a:0:{}s:5:"index";i:48;}i:1;a:3:{s:3:"tag";s:12:"av_textblock";s:7:"content";a:0:{}s:5:"index";i:49;}}s:5:"index";i:47;}i:5;a:3:{s:3:"tag";s:11:"av_one_half";s:7:"content";a:2:{i:0;a:3:{s:3:"tag";s:10:"av_heading";s:7:"content";a:0:{}s:5:"index";i:51;}i:1;a:3:{s:3:"tag";s:12:"av_textblock";s:7:"content";a:0:{}s:5:"index";i:52;}}s:5:"index";i:50;}}s:5:"index";i:38;}i:5;a:3:{s:3:"tag";s:13:"av_button_big";s:7:"content";a:0:{}s:5:"index";i:53;}}]]></wp:meta_value>
		</wp:postmeta>
	</item>
	<item>
		<title>Features</title>
		<link>http://www.kriesi.at/themes/enfold-landing-page/2015/11/04/features/</link>
		<pubDate>Wed, 04 Nov 2015 20:08:22 +0000</pubDate>
		<dc:creator><![CDATA[Kriesi]]></dc:creator>
		<guid isPermaLink="false">http://www.kriesi.at/themes/enfold-landing-page/2015/11/04/features/</guid>
		<description></description>
		<content:encoded><![CDATA[]]></content:encoded>
		<excerpt:encoded><![CDATA[]]></excerpt:encoded>
		<wp:post_id>33</wp:post_id>
		<wp:post_date>2015-11-04 20:08:22</wp:post_date>
		<wp:post_date_gmt>2015-11-04 20:08:22</wp:post_date_gmt>
		<wp:comment_status>closed</wp:comment_status>
		<wp:ping_status>closed</wp:ping_status>
		<wp:post_name>features</wp:post_name>
		<wp:status>publish</wp:status>
		<wp:post_parent>0</wp:post_parent>
		<wp:menu_order>1</wp:menu_order>
		<wp:post_type>nav_menu_item</wp:post_type>
		<wp:post_password></wp:post_password>
		<wp:is_sticky>0</wp:is_sticky>
		<category domain="nav_menu" nicename="main-menu"><![CDATA[Main Menu]]></category>
		<wp:postmeta>
			<wp:meta_key>_menu_item_type</wp:meta_key>
			<wp:meta_value><![CDATA[custom]]></wp:meta_value>
		</wp:postmeta>
		<wp:postmeta>
			<wp:meta_key>_menu_item_menu_item_parent</wp:meta_key>
			<wp:meta_value><![CDATA[0]]></wp:meta_value>
		</wp:postmeta>
		<wp:postmeta>
			<wp:meta_key>_menu_item_object_id</wp:meta_key>
			<wp:meta_value><![CDATA[33]]></wp:meta_value>
		</wp:postmeta>
		<wp:postmeta>
			<wp:meta_key>_menu_item_object</wp:meta_key>
			<wp:meta_value><![CDATA[custom]]></wp:meta_value>
		</wp:postmeta>
		<wp:postmeta>
			<wp:meta_key>_menu_item_target</wp:meta_key>
			<wp:meta_value><![CDATA[]]></wp:meta_value>
		</wp:postmeta>
		<wp:postmeta>
			<wp:meta_key>_menu_item_classes</wp:meta_key>
			<wp:meta_value><![CDATA[a:1:{i:0;s:0:"";}]]></wp:meta_value>
		</wp:postmeta>
		<wp:postmeta>
			<wp:meta_key>_menu_item_xfn</wp:meta_key>
			<wp:meta_value><![CDATA[]]></wp:meta_value>
		</wp:postmeta>
		<wp:postmeta>
			<wp:meta_key>_menu_item_url</wp:meta_key>
			<wp:meta_value><![CDATA[#features]]></wp:meta_value>
		</wp:postmeta>
		<wp:postmeta>
			<wp:meta_key>_menu-item-avia-megamenu</wp:meta_key>
			<wp:meta_value><![CDATA[]]></wp:meta_value>
		</wp:postmeta>
		<wp:postmeta>
			<wp:meta_key>_menu-item-avia-division</wp:meta_key>
			<wp:meta_value><![CDATA[]]></wp:meta_value>
		</wp:postmeta>
		<wp:postmeta>
			<wp:meta_key>_menu-item-avia-textarea</wp:meta_key>
			<wp:meta_value><![CDATA[]]></wp:meta_value>
		</wp:postmeta>
		<wp:postmeta>
			<wp:meta_key>_menu-item-avia-style</wp:meta_key>
			<wp:meta_value><![CDATA[]]></wp:meta_value>
		</wp:postmeta>
	</item>
	<item>
		<title>Pricing</title>
		<link>http://www.kriesi.at/themes/enfold-landing-page/2015/11/04/pricing/</link>
		<pubDate>Wed, 04 Nov 2015 20:08:22 +0000</pubDate>
		<dc:creator><![CDATA[Kriesi]]></dc:creator>
		<guid isPermaLink="false">http://www.kriesi.at/themes/enfold-landing-page/2015/11/04/pricing/</guid>
		<description></description>
		<content:encoded><![CDATA[]]></content:encoded>
		<excerpt:encoded><![CDATA[]]></excerpt:encoded>
		<wp:post_id>34</wp:post_id>
		<wp:post_date>2015-11-04 20:08:22</wp:post_date>
		<wp:post_date_gmt>2015-11-04 20:08:22</wp:post_date_gmt>
		<wp:comment_status>closed</wp:comment_status>
		<wp:ping_status>closed</wp:ping_status>
		<wp:post_name>pricing</wp:post_name>
		<wp:status>publish</wp:status>
		<wp:post_parent>0</wp:post_parent>
		<wp:menu_order>2</wp:menu_order>
		<wp:post_type>nav_menu_item</wp:post_type>
		<wp:post_password></wp:post_password>
		<wp:is_sticky>0</wp:is_sticky>
		<category domain="nav_menu" nicename="main-menu"><![CDATA[Main Menu]]></category>
		<wp:postmeta>
			<wp:meta_key>_menu_item_type</wp:meta_key>
			<wp:meta_value><![CDATA[custom]]></wp:meta_value>
		</wp:postmeta>
		<wp:postmeta>
			<wp:meta_key>_menu_item_menu_item_parent</wp:meta_key>
			<wp:meta_value><![CDATA[0]]></wp:meta_value>
		</wp:postmeta>
		<wp:postmeta>
			<wp:meta_key>_menu_item_object_id</wp:meta_key>
			<wp:meta_value><![CDATA[34]]></wp:meta_value>
		</wp:postmeta>
		<wp:postmeta>
			<wp:meta_key>_menu_item_object</wp:meta_key>
			<wp:meta_value><![CDATA[custom]]></wp:meta_value>
		</wp:postmeta>
		<wp:postmeta>
			<wp:meta_key>_menu_item_target</wp:meta_key>
			<wp:meta_value><![CDATA[]]></wp:meta_value>
		</wp:postmeta>
		<wp:postmeta>
			<wp:meta_key>_menu_item_classes</wp:meta_key>
			<wp:meta_value><![CDATA[a:1:{i:0;s:0:"";}]]></wp:meta_value>
		</wp:postmeta>
		<wp:postmeta>
			<wp:meta_key>_menu_item_xfn</wp:meta_key>
			<wp:meta_value><![CDATA[]]></wp:meta_value>
		</wp:postmeta>
		<wp:postmeta>
			<wp:meta_key>_menu_item_url</wp:meta_key>
			<wp:meta_value><![CDATA[#pricing]]></wp:meta_value>
		</wp:postmeta>
		<wp:postmeta>
			<wp:meta_key>_menu-item-avia-megamenu</wp:meta_key>
			<wp:meta_value><![CDATA[]]></wp:meta_value>
		</wp:postmeta>
		<wp:postmeta>
			<wp:meta_key>_menu-item-avia-division</wp:meta_key>
			<wp:meta_value><![CDATA[]]></wp:meta_value>
		</wp:postmeta>
		<wp:postmeta>
			<wp:meta_key>_menu-item-avia-textarea</wp:meta_key>
			<wp:meta_value><![CDATA[]]></wp:meta_value>
		</wp:postmeta>
		<wp:postmeta>
			<wp:meta_key>_menu-item-avia-style</wp:meta_key>
			<wp:meta_value><![CDATA[]]></wp:meta_value>
		</wp:postmeta>
	</item>
	<item>
		<title>FAQ</title>
		<link>http://www.kriesi.at/themes/enfold-landing-page/2015/11/04/faq/</link>
		<pubDate>Wed, 04 Nov 2015 20:08:24 +0000</pubDate>
		<dc:creator><![CDATA[Kriesi]]></dc:creator>
		<guid isPermaLink="false">http://www.kriesi.at/themes/enfold-landing-page/2015/11/04/faq/</guid>
		<description></description>
		<content:encoded><![CDATA[]]></content:encoded>
		<excerpt:encoded><![CDATA[]]></excerpt:encoded>
		<wp:post_id>170</wp:post_id>
		<wp:post_date>2015-11-04 20:08:24</wp:post_date>
		<wp:post_date_gmt>2015-11-04 20:08:24</wp:post_date_gmt>
		<wp:comment_status>closed</wp:comment_status>
		<wp:ping_status>closed</wp:ping_status>
		<wp:post_name>faq</wp:post_name>
		<wp:status>publish</wp:status>
		<wp:post_parent>0</wp:post_parent>
		<wp:menu_order>3</wp:menu_order>
		<wp:post_type>nav_menu_item</wp:post_type>
		<wp:post_password></wp:post_password>
		<wp:is_sticky>0</wp:is_sticky>
		<category domain="nav_menu" nicename="main-menu"><![CDATA[Main Menu]]></category>
		<wp:postmeta>
			<wp:meta_key>_menu_item_type</wp:meta_key>
			<wp:meta_value><![CDATA[custom]]></wp:meta_value>
		</wp:postmeta>
		<wp:postmeta>
			<wp:meta_key>_menu_item_menu_item_parent</wp:meta_key>
			<wp:meta_value><![CDATA[0]]></wp:meta_value>
		</wp:postmeta>
		<wp:postmeta>
			<wp:meta_key>_menu_item_object_id</wp:meta_key>
			<wp:meta_value><![CDATA[170]]></wp:meta_value>
		</wp:postmeta>
		<wp:postmeta>
			<wp:meta_key>_menu_item_object</wp:meta_key>
			<wp:meta_value><![CDATA[custom]]></wp:meta_value>
		</wp:postmeta>
		<wp:postmeta>
			<wp:meta_key>_menu_item_target</wp:meta_key>
			<wp:meta_value><![CDATA[]]></wp:meta_value>
		</wp:postmeta>
		<wp:postmeta>
			<wp:meta_key>_menu_item_classes</wp:meta_key>
			<wp:meta_value><![CDATA[a:1:{i:0;s:0:"";}]]></wp:meta_value>
		</wp:postmeta>
		<wp:postmeta>
			<wp:meta_key>_menu_item_xfn</wp:meta_key>
			<wp:meta_value><![CDATA[]]></wp:meta_value>
		</wp:postmeta>
		<wp:postmeta>
			<wp:meta_key>_menu_item_url</wp:meta_key>
			<wp:meta_value><![CDATA[#faq]]></wp:meta_value>
		</wp:postmeta>
		<wp:postmeta>
			<wp:meta_key>_menu-item-avia-megamenu</wp:meta_key>
			<wp:meta_value><![CDATA[]]></wp:meta_value>
		</wp:postmeta>
		<wp:postmeta>
			<wp:meta_key>_menu-item-avia-division</wp:meta_key>
			<wp:meta_value><![CDATA[]]></wp:meta_value>
		</wp:postmeta>
		<wp:postmeta>
			<wp:meta_key>_menu-item-avia-textarea</wp:meta_key>
			<wp:meta_value><![CDATA[]]></wp:meta_value>
		</wp:postmeta>
		<wp:postmeta>
			<wp:meta_key>_menu-item-avia-style</wp:meta_key>
			<wp:meta_value><![CDATA[]]></wp:meta_value>
		</wp:postmeta>
	</item>
</channel>
</rss>
